File,Name,CWEs,Category
arch/arm/core/prep_c.c,memcpy,CWE-120,buffer
arch/posix/include/posix_cheats.h,open,CWE-362,misc
arch/posix/include/posix_cheats.h,usleep,CWE-676,obsolete
arch/posix/include/posix_cheats.h,read,"CWE-120, CWE-20",buffer
arch/x86_64/core/printf.h,snprintf,CWE-134,format
arch/x86_64/core/printf.h,sprintf,CWE-134,format
arch/x86_64/core/printf.h,printf,CWE-134,format
arch/x86_64/core/printf.h,char,CWE-119,buffer
arch/x86_64/core/xuk-stub32.c,printf,CWE-134,format
arch/x86_64/core/xuk.c,printf,CWE-134,format
arch/x86_64/core/xuk.c,char,CWE-119,buffer
arch/x86/core/ia32/fatal.c,char,CWE-119,buffer
arch/x86/core/ia32/x86_mmu.c,char,CWE-119,buffer
arch/x86/core/ia32/x86_mmu.c,memcpy,CWE-120,buffer
arch/x86/core/ia32/x86_mmu.c,memcpy,CWE-120,buffer
arch/x86/core/ia32/x86_mmu.c,memcpy,CWE-120,buffer
arch/x86/core/ia32/x86_mmu.c,memcpy,CWE-120,buffer
arch/x86/include/ia32/kernel_arch_thread.h,char,CWE-119,buffer
arch/x86/include/ia32/kernel_arch_thread.h,char,CWE-119,buffer
arch/x86/include/ia32/kernel_arch_thread.h,char,CWE-119,buffer
arch/x86/include/ia32/kernel_arch_thread.h,char,CWE-119,buffer
arch/x86/include/ia32/kernel_arch_thread.h,char,CWE-119,buffer
arch/xtensa/include/kernel_arch_thread.h,char,CWE-119,buffer
boards/posix/native_posix/cmdline_common.c,char,CWE-119,buffer
boards/posix/native_posix/cmdline_common.c,char,CWE-119,buffer
boards/posix/native_posix/cmdline_common.c,char,CWE-119,buffer
boards/posix/native_posix/cmdline_common.c,strlen,CWE-126,buffer
boards/posix/native_posix/cmdline_common.c,strlen,CWE-126,buffer
boards/posix/native_posix/cmdline_common.c,strlen,CWE-126,buffer
boards/posix/native_posix/cmdline_common.c,strlen,CWE-126,buffer
boards/posix/native_posix/cmdline_common.c,strlen,CWE-126,buffer
boards/posix/native_posix/cmdline_common.c,strlen,CWE-126,buffer
boards/posix/native_posix/cmdline.c,memcpy,CWE-120,buffer
boards/posix/native_posix/timer_model.c,sprintf,CWE-120,buffer
boards/posix/native_posix/timer_model.c,sprintf,CWE-120,buffer
boards/posix/native_posix/timer_model.c,char,CWE-119,buffer
boards/posix/native_posix/timer_model.c,char,CWE-119,buffer
boards/posix/native_posix/timer_model.c,char,CWE-119,buffer
boards/posix/native_posix/tracing.c,vfprintf,CWE-134,format
boards/posix/native_posix/tracing.c,vfprintf,CWE-134,format
boards/posix/native_posix/tracing.c,vfprintf,CWE-134,format
boards/posix/nrf52_bsim/argparse.h,char,CWE-119,buffer
boards/posix/nrf52_bsim/trace_hook.c,char,CWE-119,buffer
drivers/adc/adc_handlers.c,read,"CWE-120, CWE-20",buffer
drivers/adc/adc_shell.c,read,"CWE-120, CWE-20",buffer
drivers/adc/adc_shell.c,read,"CWE-120, CWE-20",buffer
drivers/adc/adc_shell.c,read,"CWE-120, CWE-20",buffer
drivers/bluetooth/hci/h4.c,read,"CWE-120, CWE-20",buffer
drivers/bluetooth/hci/h4.c,read,"CWE-120, CWE-20",buffer
drivers/bluetooth/hci/h4.c,read,"CWE-120, CWE-20",buffer
drivers/bluetooth/hci/h4.c,read,"CWE-120, CWE-20",buffer
drivers/bluetooth/hci/h5.c,memcpy,CWE-120,buffer
drivers/bluetooth/hci/h5.c,memcpy,CWE-120,buffer
drivers/bluetooth/hci/ipm_stm32wb.c,memcpy,CWE-120,buffer
drivers/bluetooth/hci/ipm_stm32wb.c,memcpy,CWE-120,buffer
drivers/bluetooth/hci/userchan.c,read,"CWE-120, CWE-20",buffer
drivers/bluetooth/hci/userchan.c,strlen,CWE-126,buffer
drivers/console/native_posix_console.c,printf,CWE-134,format
drivers/console/native_posix_console.c,strlen,CWE-126,buffer
drivers/console/ram_console.c,char,CWE-119,buffer
drivers/console/xtensa_sim_console.c,char,CWE-119,buffer
drivers/counter/counter_cmos.c,read,"CWE-120, CWE-20",buffer
drivers/counter/counter_cmos.c,read,"CWE-120, CWE-20",buffer
drivers/counter/counter_handlers.c,read,"CWE-120, CWE-20",buffer
drivers/crypto/crypto_ataes132a.c,memcpy,CWE-120,buffer
drivers/crypto/crypto_ataes132a.c,memcpy,CWE-120,buffer
drivers/crypto/crypto_ataes132a.c,memcpy,CWE-120,buffer
drivers/crypto/crypto_ataes132a.c,memcpy,CWE-120,buffer
drivers/crypto/crypto_ataes132a.c,memcpy,CWE-120,buffer
drivers/crypto/crypto_ataes132a.c,memcpy,CWE-120,buffer
drivers/crypto/crypto_ataes132a.c,memcpy,CWE-120,buffer
drivers/crypto/crypto_ataes132a.c,memcpy,CWE-120,buffer
drivers/crypto/crypto_ataes132a.c,memcpy,CWE-120,buffer
drivers/crypto/crypto_ataes132a.c,memcpy,CWE-120,buffer
drivers/crypto/crypto_tc_shim.c,memcpy,CWE-120,buffer
drivers/crypto/crypto_tc_shim.c,memcpy,CWE-120,buffer
drivers/display/display_framebuf.c,memcpy,CWE-120,buffer
drivers/display/display_framebuf.c,memcpy,CWE-120,buffer
drivers/display/display_mcux_elcdif.c,memcpy,CWE-120,buffer
drivers/display/display_mcux_elcdif.c,memcpy,CWE-120,buffer
drivers/display/display_sdl.c,memcpy,CWE-120,buffer
drivers/display/grove_lcd_rgb.c,char,CWE-119,buffer
drivers/display/mb_display.c,char,CWE-119,buffer
drivers/entropy/entropy_esp32.c,memcpy,CWE-120,buffer
drivers/entropy/entropy_esp32.c,memcpy,CWE-120,buffer
drivers/entropy/entropy_mcux_rnga.c,randon,CWE-327,random
drivers/entropy/entropy_mcux_rnga.c,randon,CWE-327,random
drivers/entropy/entropy_mcux_rnga.c,randon,CWE-327,random
drivers/entropy/entropy_mcux_rnga.c,randon,CWE-327,random
drivers/entropy/entropy_sam.c,memcpy,CWE-120,buffer
drivers/entropy/entropy_sam.c,memcpy,CWE-120,buffer
drivers/entropy/fake_entropy_native_posix.c,randon,CWE-327,random
drivers/entropy/fake_entropy_native_posix.c,srandom,CWE-327,random
drivers/entropy/fake_entropy_native_posix.c,memcpy,CWE-120,buffer
drivers/ethernet/eth_e1000.c,memcpy,CWE-120,buffer
drivers/ethernet/eth_e1000.c,memcpy,CWE-120,buffer
drivers/ethernet/eth_mcux.c,memcpy,CWE-120,buffer
drivers/ethernet/eth_native_posix_adapt.c,vsnprintf,CWE-134,format
drivers/ethernet/eth_native_posix_adapt.c,system,CWE-78,shell
drivers/ethernet/eth_native_posix_adapt.c,open,CWE-362,misc
drivers/ethernet/eth_native_posix_adapt.c,char,CWE-119,buffer
drivers/ethernet/eth_native_posix_adapt.c,strncpy,CWE-120,buffer
drivers/ethernet/eth_native_posix_adapt.c,read,"CWE-120, CWE-20",buffer
drivers/flash/flash_gecko.c,memcpy,CWE-120,buffer
drivers/flash/flash_handlers.c,read,"CWE-120, CWE-20",buffer
drivers/flash/flash_native_posix.c,memcpy,CWE-120,buffer
drivers/flash/flash_native_posix.c,memcpy,CWE-120,buffer
drivers/flash/flash_native_posix.c,open,CWE-362,misc
drivers/flash/flash_sam.c,memcpy,CWE-120,buffer
drivers/flash/flash_sam0.c,memcpy,CWE-120,buffer
drivers/flash/flash_shell.c,read,"CWE-120, CWE-20",buffer
drivers/flash/flash_simulator.c,memcpy,CWE-120,buffer
drivers/flash/flash_stm32.c,memcpy,CWE-120,buffer
drivers/flash/soc_flash_mcux.c,memcpy,CWE-120,buffer
drivers/flash/soc_flash_nios2_qspi.c,memcpy,CWE-120,buffer
drivers/flash/soc_flash_nios2_qspi.c,memcpy,CWE-120,buffer
drivers/flash/soc_flash_nrf.c,memcpy,CWE-120,buffer
drivers/flash/soc_flash_rv32m1.c,memcpy,CWE-120,buffer
drivers/flash/spi_flash_w25qxxdv.c,access,CWE-367,race
drivers/flash/spi_flash_w25qxxdv.c,access,CWE-367,race
drivers/flash/spi_flash_w25qxxdv.c,access,CWE-367,race
drivers/flash/spi_flash_w25qxxdv.c,access,CWE-367,race
drivers/flash/spi_flash_w25qxxdv.c,access,CWE-367,race
drivers/flash/spi_flash_w25qxxdv.c,access,CWE-367,race
drivers/gpio/gpio_esp32.c,read,"CWE-120, CWE-20",buffer
drivers/gpio/gpio_esp32.c,read,"CWE-120, CWE-20",buffer
drivers/gpio/gpio_handlers.c,read,"CWE-120, CWE-20",buffer
drivers/gpio/gpio_shell.c,atoi,CWE-190,integer
drivers/gpio/gpio_shell.c,atoi,CWE-190,integer
drivers/gpio/gpio_shell.c,atoi,CWE-190,integer
drivers/gpio/gpio_shell.c,atoi,CWE-190,integer
drivers/gpio/gpio_shell.c,atoi,CWE-190,integer
drivers/gpio/gpio_shell.c,atoi,CWE-190,integer
drivers/gpio/gpio_shell.c,atoi,CWE-190,integer
drivers/hwinfo/hwinfo_esp32.c,memcpy,CWE-120,buffer
drivers/hwinfo/hwinfo_imxrt.c,memcpy,CWE-120,buffer
drivers/hwinfo/hwinfo_mcux_sim.c,memcpy,CWE-120,buffer
drivers/hwinfo/hwinfo_nrf.c,memcpy,CWE-120,buffer
drivers/hwinfo/hwinfo_sam.c,memcpy,CWE-120,buffer
drivers/hwinfo/hwinfo_sam0.c,memcpy,CWE-120,buffer
drivers/hwinfo/hwinfo_stm32.c,memcpy,CWE-120,buffer
drivers/i2c/i2c_handlers.c,memcpy,CWE-120,buffer
drivers/i2c/slave/eeprom_slave.c,memcpy,CWE-120,buffer
drivers/i2s/i2s_cavs.c,memcpy,CWE-120,buffer
drivers/i2s/i2s_common.c,memcpy,CWE-120,buffer
drivers/i2s/i2s_common.c,memcpy,CWE-120,buffer
drivers/i2s/i2s_handlers.c,read,"CWE-120, CWE-20",buffer
drivers/i2s/i2s_ll_stm32.c,memcpy,CWE-120,buffer
drivers/i2s/i2s_sam_ssc.c,memcpy,CWE-120,buffer
drivers/ieee802154/ieee802154_cc1200.c,read,"CWE-120, CWE-20",buffer
drivers/ieee802154/ieee802154_cc1200.c,read,"CWE-120, CWE-20",buffer
drivers/ieee802154/ieee802154_cc1200.h,read,"CWE-120, CWE-20",buffer
drivers/ieee802154/ieee802154_cc2520.c,memcpy,CWE-120,buffer
drivers/ieee802154/ieee802154_cc2520.c,memcpy,CWE-120,buffer
drivers/ieee802154/ieee802154_cc2520.c,memcpy,CWE-120,buffer
drivers/ieee802154/ieee802154_cc2520.c,memcpy,CWE-120,buffer
drivers/ieee802154/ieee802154_cc2520.c,read,"CWE-120, CWE-20",buffer
drivers/ieee802154/ieee802154_cc2520.c,read,"CWE-120, CWE-20",buffer
drivers/ieee802154/ieee802154_cc2520.h,read,"CWE-120, CWE-20",buffer
drivers/ieee802154/ieee802154_kw41z.c,memcpy,CWE-120,buffer
drivers/ieee802154/ieee802154_kw41z.c,memcpy,CWE-120,buffer
drivers/ieee802154/ieee802154_nrf5.c,memcpy,CWE-120,buffer
drivers/ieee802154/ieee802154_nrf5.c,memcpy,CWE-120,buffer
drivers/ieee802154/ieee802154_uart_pipe.c,memcpy,CWE-120,buffer
drivers/ieee802154/ieee802154_uart_pipe.c,memcpy,CWE-120,buffer
drivers/ieee802154/ieee802154_uart_pipe.c,memcpy,CWE-120,buffer
drivers/ieee802154/ieee802154_uart_pipe.c,memcpy,CWE-120,buffer
drivers/ipm/ipm_imx.c,memcpy,CWE-120,buffer
drivers/ipm/ipm_mcux.c,memcpy,CWE-120,buffer
drivers/modem/modem_cmd_handler.c,strlen,CWE-126,buffer
drivers/modem/modem_cmd_handler.c,strlen,CWE-126,buffer
drivers/modem/modem_cmd_handler.c,read,"CWE-120, CWE-20",buffer
drivers/modem/modem_cmd_handler.c,read,"CWE-120, CWE-20",buffer
drivers/modem/modem_cmd_handler.c,strlen,CWE-126,buffer
drivers/modem/modem_context.c,char,CWE-119,buffer
drivers/modem/modem_context.c,strcpy,CWE-120,buffer
drivers/modem/modem_context.h,read,"CWE-120, CWE-20",buffer
drivers/modem/modem_shell.c,strlen,CWE-126,buffer
drivers/modem/ublox-sara-r4.c,char,CWE-119,buffer
drivers/modem/ublox-sara-r4.c,char,CWE-119,buffer
drivers/modem/ublox-sara-r4.c,char,CWE-119,buffer
drivers/modem/ublox-sara-r4.c,char,CWE-119,buffer
drivers/modem/ublox-sara-r4.c,char,CWE-119,buffer
drivers/modem/ublox-sara-r4.c,char,CWE-119,buffer
drivers/modem/ublox-sara-r4.c,char,CWE-119,buffer
drivers/modem/ublox-sara-r4.c,memcpy,CWE-120,buffer
drivers/modem/ublox-sara-r4.c,char,CWE-119,buffer
drivers/modem/ublox-sara-r4.c,memcpy,CWE-120,buffer
drivers/modem/ublox-sara-r4.c,char,CWE-119,buffer
drivers/modem/ublox-sara-r4.c,memcpy,CWE-120,buffer
drivers/modem/ublox-sara-r4.c,strlen,CWE-126,buffer
drivers/modem/ublox-sara-r4.c,strlen,CWE-126,buffer
drivers/modem/wncm14a2a.c,char,CWE-119,buffer
drivers/modem/wncm14a2a.c,char,CWE-119,buffer
drivers/modem/wncm14a2a.c,char,CWE-119,buffer
drivers/modem/wncm14a2a.c,char,CWE-119,buffer
drivers/modem/wncm14a2a.c,char,CWE-119,buffer
drivers/modem/wncm14a2a.c,char,CWE-119,buffer
drivers/modem/wncm14a2a.c,char,CWE-119,buffer
drivers/modem/wncm14a2a.c,char,CWE-119,buffer
drivers/modem/wncm14a2a.c,atoi,CWE-190,integer
drivers/modem/wncm14a2a.c,char,CWE-119,buffer
drivers/modem/wncm14a2a.c,atoi,CWE-190,integer
drivers/modem/wncm14a2a.c,char,CWE-119,buffer
drivers/modem/wncm14a2a.c,atoi,CWE-190,integer
drivers/modem/wncm14a2a.c,char,CWE-119,buffer
drivers/modem/wncm14a2a.c,atoi,CWE-190,integer
drivers/modem/wncm14a2a.c,char,CWE-119,buffer
drivers/modem/wncm14a2a.c,atoi,CWE-190,integer
drivers/modem/wncm14a2a.c,char,CWE-119,buffer
drivers/modem/wncm14a2a.c,atoi,CWE-190,integer
drivers/modem/wncm14a2a.c,char,CWE-119,buffer
drivers/modem/wncm14a2a.c,atoi,CWE-190,integer
drivers/modem/wncm14a2a.c,char,CWE-119,buffer
drivers/modem/wncm14a2a.c,char,CWE-119,buffer
drivers/modem/wncm14a2a.c,atoi,CWE-190,integer
drivers/modem/wncm14a2a.c,atoi,CWE-190,integer
drivers/modem/wncm14a2a.c,atoi,CWE-190,integer
drivers/modem/wncm14a2a.c,char,CWE-119,buffer
drivers/modem/wncm14a2a.c,atoi,CWE-190,integer
drivers/modem/wncm14a2a.c,atoi,CWE-190,integer
drivers/modem/wncm14a2a.c,char,CWE-119,buffer
drivers/modem/wncm14a2a.c,char,CWE-119,buffer
drivers/modem/wncm14a2a.c,char,CWE-119,buffer
drivers/modem/wncm14a2a.c,strlen,CWE-126,buffer
drivers/modem/wncm14a2a.c,strlen,CWE-126,buffer
drivers/net/ppp.c,memcpy,CWE-120,buffer
drivers/net/slip.c,char,CWE-119,buffer
drivers/neural_net/intel_gna.c,memcpy,CWE-120,buffer
drivers/neural_net/intel_gna.c,memcpy,CWE-120,buffer
drivers/rtc/rtc_handlers.c,read,"CWE-120, CWE-20",buffer
drivers/sensor/adxl362/adxl362.c,access,CWE-367,race
drivers/sensor/adxl362/adxl362.c,access,CWE-367,race
drivers/sensor/dht/dht.c,memcpy,CWE-120,buffer
drivers/sensor/vl53l0x/vl53l0x_platform_log.h,strcpy,CWE-120,buffer
drivers/sensor/vl53l0x/vl53l0x_platform.c,memcpy,CWE-120,buffer
drivers/serial/uart_native_posix.c,sprintf,CWE-134,format
drivers/serial/uart_native_posix.c,system,CWE-78,shell
drivers/serial/uart_native_posix.c,char,CWE-119,buffer
drivers/serial/uart_native_posix.c,strlen,CWE-126,buffer
drivers/serial/uart_native_posix.c,strlen,CWE-126,buffer
drivers/serial/uart_native_posix.c,read,"CWE-120, CWE-20",buffer
drivers/serial/uart_native_posix.c,read,"CWE-120, CWE-20",buffer
drivers/serial/uart_nrfx_uarte.c,read,"CWE-120, CWE-20",buffer
drivers/serial/uart_nrfx_uarte.c,read,"CWE-120, CWE-20",buffer
drivers/serial/uart_nrfx_uarte.c,read,"CWE-120, CWE-20",buffer
drivers/spi/spi_dw.h,strlen,CWE-126,buffer
drivers/spi/spi_handlers.c,memcpy,CWE-120,buffer
drivers/spi/spi_handlers.c,memcpy,CWE-120,buffer
drivers/spi/spi_nrfx_spim.c,memcpy,CWE-120,buffer
drivers/usb/device/usb_dc_native_posix_adapt.c,strcpy,CWE-120,buffer
drivers/usb/device/usb_dc_native_posix_adapt.c,strcpy,CWE-120,buffer
drivers/usb/device/usb_dc_native_posix_adapt.c,char,CWE-119,buffer
drivers/usb/device/usb_dc_native_posix_adapt.c,read,"CWE-120, CWE-20",buffer
drivers/usb/device/usb_dc_native_posix_adapt.c,read,"CWE-120, CWE-20",buffer
drivers/usb/device/usb_dc_native_posix_adapt.c,read,"CWE-120, CWE-20",buffer
drivers/usb/device/usb_dc_native_posix_adapt.c,read,"CWE-120, CWE-20",buffer
drivers/usb/device/usb_dc_native_posix_adapt.c,read,"CWE-120, CWE-20",buffer
drivers/usb/device/usb_dc_native_posix_adapt.c,read,"CWE-120, CWE-20",buffer
drivers/usb/device/usb_dc_native_posix_adapt.c,read,"CWE-120, CWE-20",buffer
drivers/usb/device/usb_dc_native_posix_adapt.c,read,"CWE-120, CWE-20",buffer
drivers/usb/device/usb_dc_native_posix_adapt.c,read,"CWE-120, CWE-20",buffer
drivers/usb/device/usb_dc_native_posix_adapt.c,read,"CWE-120, CWE-20",buffer
drivers/usb/device/usb_dc_native_posix_adapt.c,read,"CWE-120, CWE-20",buffer
drivers/usb/device/usb_dc_native_posix_adapt.c,read,"CWE-120, CWE-20",buffer
drivers/usb/device/usb_dc_native_posix_adapt.c,read,"CWE-120, CWE-20",buffer
drivers/usb/device/usb_dc_native_posix_adapt.h,char,CWE-119,buffer
drivers/usb/device/usb_dc_native_posix_adapt.h,char,CWE-119,buffer
drivers/usb/device/usb_dc_native_posix.c,memcpy,CWE-120,buffer
drivers/usb/device/usb_dc_nrfx.c,memcpy,CWE-120,buffer
drivers/usb/device/usb_dc_nrfx.c,memcpy,CWE-120,buffer
drivers/usb/device/usb_dc_sam0.c,memcpy,CWE-120,buffer
drivers/usb/device/usb_dc_sam0.c,memcpy,CWE-120,buffer
drivers/usb/device/usb_dc_stm32.c,memcpy,CWE-120,buffer
drivers/usb/device/usb_dc_stm32.c,memcpy,CWE-120,buffer
drivers/wifi/eswifi/eswifi_bus_spi.c,char,CWE-119,buffer
drivers/wifi/eswifi/eswifi_core.c,atoi,CWE-190,integer
drivers/wifi/eswifi/eswifi_core.c,atoi,CWE-190,integer
drivers/wifi/eswifi/eswifi_core.c,char,CWE-119,buffer
drivers/wifi/eswifi/eswifi_core.c,char,CWE-119,buffer
drivers/wifi/eswifi/eswifi_core.c,atoi,CWE-190,integer
drivers/wifi/eswifi/eswifi_core.c,memcpy,CWE-120,buffer
drivers/wifi/eswifi/eswifi_core.c,memcpy,CWE-120,buffer
drivers/wifi/eswifi/eswifi_core.c,strlen,CWE-126,buffer
drivers/wifi/eswifi/eswifi_core.c,strlen,CWE-126,buffer
drivers/wifi/eswifi/eswifi_core.c,strlen,CWE-126,buffer
drivers/wifi/eswifi/eswifi_core.c,strlen,CWE-126,buffer
drivers/wifi/eswifi/eswifi_core.c,strlen,CWE-126,buffer
drivers/wifi/eswifi/eswifi_offload.c,atoi,CWE-190,integer
drivers/wifi/eswifi/eswifi_offload.c,atoi,CWE-190,integer
drivers/wifi/eswifi/eswifi_offload.c,memcpy,CWE-120,buffer
drivers/wifi/eswifi/eswifi_offload.c,strlen,CWE-126,buffer
drivers/wifi/eswifi/eswifi.h,char,CWE-119,buffer
drivers/wifi/eswifi/eswifi.h,char,CWE-119,buffer
drivers/wifi/eswifi/eswifi.h,char,CWE-119,buffer
drivers/wifi/simplelink/simplelink_sockets.c,strlen,CWE-126,buffer
drivers/wifi/simplelink/simplelink_support.c,memcpy,CWE-120,buffer
drivers/wifi/simplelink/simplelink_support.c,memcpy,CWE-120,buffer
drivers/wifi/simplelink/simplelink_support.c,memcpy,CWE-120,buffer
drivers/wifi/simplelink/simplelink_support.c,memcpy,CWE-120,buffer
drivers/wifi/simplelink/simplelink_support.c,char,CWE-119,buffer
drivers/wifi/simplelink/simplelink_support.c,memcpy,CWE-120,buffer
drivers/wifi/simplelink/simplelink.c,char,CWE-119,buffer
drivers/wifi/winc1500/wifi_winc1500_config.h,printf,CWE-134,format
drivers/wifi/winc1500/wifi_winc1500.c,char,CWE-119,buffer
drivers/wifi/winc1500/wifi_winc1500.c,memcpy,CWE-120,buffer
drivers/wifi/winc1500/wifi_winc1500.c,memcpy,CWE-120,buffer
drivers/wifi/winc1500/wifi_winc1500.c,memcpy,CWE-120,buffer
drivers/wifi/winc1500/wifi_winc1500.c,memcpy,CWE-120,buffer
drivers/wifi/winc1500/wifi_winc1500.c,strlen,CWE-126,buffer
ext/hal/altera/altera_hal/HAL/inc/os/alt_syscall.h,open,CWE-362,misc
ext/hal/altera/altera_hal/HAL/inc/os/alt_syscall.h,read,"CWE-120, CWE-20",buffer
ext/hal/altera/altera_hal/HAL/inc/os/alt_syscall.h,usleep,CWE-676,obsolete
ext/hal/altera/altera_hal/HAL/inc/sys/alt_dev.h,open,CWE-362,misc
ext/hal/altera/altera_hal/HAL/inc/sys/alt_dev.h,read,"CWE-120, CWE-20",buffer
ext/hal/altera/altera_hal/HAL/inc/sys/alt_driver.h,read,"CWE-120, CWE-20",buffer
ext/hal/altera/altera_hal/HAL/inc/sys/alt_driver.h,read,"CWE-120, CWE-20",buffer
ext/hal/altera/altera_hal/HAL/inc/sys/alt_flash_dev.h,open,CWE-362,misc
ext/hal/altera/altera_hal/HAL/inc/sys/alt_flash_dev.h,read,"CWE-120, CWE-20",buffer
ext/hal/altera/altera_hal/HAL/inc/sys/alt_flash.h,read,"CWE-120, CWE-20",buffer
ext/hal/altera/altera_hal/HAL/inc/sys/alt_log_printf.h,system,CWE-78,shell
ext/hal/altera/altera_hal/HAL/inc/sys/alt_log_printf.h,system,CWE-78,shell
ext/hal/altera/drivers/altera_avalon_jtag_uart/HAL/inc/altera_avalon_jtag_uart.h,char,CWE-119,buffer
ext/hal/altera/drivers/altera_avalon_jtag_uart/HAL/inc/altera_avalon_jtag_uart.h,char,CWE-119,buffer
ext/hal/altera/drivers/altera_avalon_jtag_uart/HAL/src/altera_avalon_jtag_uart_read.c,memcpy,CWE-120,buffer
ext/hal/altera/drivers/altera_avalon_jtag_uart/HAL/src/altera_avalon_jtag_uart_write.c,memcpy,CWE-120,buffer
ext/hal/altera/drivers/altera_avalon_uart/HAL/src/altera_avalon_uart_ioctl.c,memcpy,CWE-120,buffer
ext/hal/altera/drivers/altera_epcq_controller/HAL/src/altera_epcq_controller.c,memcpy,CWE-120,buffer
ext/hal/altera/drivers/altera_epcq_controller/HAL/src/altera_epcq_controller.c,memcpy,CWE-120,buffer
ext/hal/altera/drivers/altera_generic_qspi_controller2/HAL/src/altera_generic_quad_spi_controller2.c,memcpy,CWE-120,buffer
ext/hal/altera/drivers/altera_generic_qspi_controller2/HAL/src/altera_generic_quad_spi_controller2.c,memcpy,CWE-120,buffer
ext/lib/crypto/tinycrypt/include/tinycrypt/ecc.h,randon,CWE-327,random
ext/lib/crypto/tinycrypt/source/ctr_prng.c,memcpy,CWE-120,buffer
ext/lib/crypto/tinycrypt/source/ctr_prng.c,memcpy,CWE-120,buffer
ext/lib/crypto/tinycrypt/source/ctr_prng.c,memcpy,CWE-120,buffer
ext/lib/crypto/tinycrypt/source/ctr_prng.c,memcpy,CWE-120,buffer
ext/lib/crypto/tinycrypt/source/ctr_prng.c,memcpy,CWE-120,buffer
ext/lib/crypto/tinycrypt/source/ctr_prng.c,memcpy,CWE-120,buffer
ext/lib/crypto/tinycrypt/source/ctr_prng.c,memcpy,CWE-120,buffer
ext/lib/crypto/tinycrypt/source/ctr_prng.c,memcpy,CWE-120,buffer
ext/lib/crypto/tinycrypt/source/ecc_dh.c,memcpy,CWE-120,buffer
ext/lib/crypto/tinycrypt/source/ecc_platform_specific.c,open,CWE-362,misc
ext/lib/crypto/tinycrypt/source/ecc_platform_specific.c,open,CWE-362,misc
ext/lib/crypto/tinycrypt/source/ecc_platform_specific.c,read,"CWE-120, CWE-20",buffer
ext/lib/crypto/tinycrypt/source/ecc.c,randon,CWE-327,random
ext/lib/crypto/tinycrypt/source/ecc.c,randon,CWE-327,random
ext/lib/crypto/tinycrypt/source/ecc.c,randon,CWE-327,random
ext/lib/crypto/tinycrypt/source/ecc.c,randon,CWE-327,random
ext/lib/crypto/tinycrypt/source/ecc.c,randon,CWE-327,random
ext/lib/crypto/tinycrypt/source/utils.c,memcpy,CWE-120,buffer
include/arch/x86/ia32/arch.h,char,CWE-119,buffer
include/arch/x86/ia32/arch.h,char,CWE-119,buffer
include/arch/x86/ia32/arch.h,char,CWE-119,buffer
include/audio/dmic.h,read,"CWE-120, CWE-20",buffer
include/audio/dmic.h,read,"CWE-120, CWE-20",buffer
include/bluetooth/bluetooth.h,char,CWE-119,buffer
include/bluetooth/bluetooth.h,strcpy,CWE-120,buffer
include/bluetooth/bluetooth.h,strcpy,CWE-120,buffer
include/bluetooth/bluetooth.h,strcpy,CWE-120,buffer
include/bluetooth/bluetooth.h,strcpy,CWE-120,buffer
include/bluetooth/gatt.h,read,"CWE-120, CWE-20",buffer
include/bluetooth/hci.h,memcpy,CWE-120,buffer
include/bluetooth/hci.h,memcpy,CWE-120,buffer
include/data/jwt.h,char,CWE-119,buffer
include/disk/disk_access.h,read,"CWE-120, CWE-20",buffer
include/drivers/adc.h,read,"CWE-120, CWE-20",buffer
include/drivers/adc.h,read,"CWE-120, CWE-20",buffer
include/drivers/bluetooth/hci_driver.h,open,CWE-362,misc
include/drivers/can.h,memcpy,CWE-120,buffer
include/drivers/console/console.h,char,CWE-119,buffer
include/drivers/counter.h,read,"CWE-120, CWE-20",buffer
include/drivers/counter.h,read,"CWE-120, CWE-20",buffer
include/drivers/display.h,read,"CWE-120, CWE-20",buffer
include/drivers/display.h,read,"CWE-120, CWE-20",buffer
include/drivers/flash.h,read,"CWE-120, CWE-20",buffer
include/drivers/flash.h,read,"CWE-120, CWE-20",buffer
include/drivers/gpio.h,read,"CWE-120, CWE-20",buffer
include/drivers/gpio.h,read,"CWE-120, CWE-20",buffer
include/drivers/i2s.h,read,"CWE-120, CWE-20",buffer
include/drivers/i2s.h,read,"CWE-120, CWE-20",buffer
include/drivers/rtc.h,read,"CWE-120, CWE-20",buffer
include/fs/fs.h,char,CWE-119,buffer
include/fs/fs.h,open,CWE-362,misc
include/fs/fs.h,read,"CWE-120, CWE-20",buffer
include/kernel.h,char,CWE-119,buffer
include/mgmt/smp_shell.h,char,CWE-119,buffer
include/net/dns_resolve.h,char,CWE-119,buffer
include/net/lwm2m.h,strlen,CWE-126,buffer
include/net/net_core.h,char,CWE-119,buffer
include/net/net_ip.h,char,CWE-119,buffer
include/net/net_ip.h,char,CWE-119,buffer
include/net/net_ip.h,char,CWE-119,buffer
include/net/net_ip.h,memcpy,CWE-120,buffer
include/net/net_ip.h,memcpy,CWE-120,buffer
include/net/net_ip.h,memcpy,CWE-120,buffer
include/net/net_linkaddr.h,memcpy,CWE-120,buffer
include/net/net_pkt.h,access,CWE-367,race
include/net/net_pkt.h,access,CWE-367,race
include/net/net_pkt.h,access,CWE-367,race
include/net/ppp.h,char,CWE-119,buffer
include/net/socket.h,char,CWE-119,buffer
include/posix/dirent.h,char,CWE-119,buffer
include/posix/unistd.h,read,"CWE-120, CWE-20",buffer
include/posix/unistd.h,usleep,CWE-676,obsolete
include/shell/shell_telnet.h,char,CWE-119,buffer
include/shell/shell.h,char,CWE-119,buffer
include/shell/shell.h,char,CWE-119,buffer
include/shell/shell.h,char,CWE-119,buffer
include/shell/shell.h,read,"CWE-120, CWE-20",buffer
include/sys/fdtable.h,read,"CWE-120, CWE-20",buffer
include/sys/rb.h,char,CWE-119,buffer
include/toolchain/gcc.h,printf,CWE-134,format
kernel/device.c,char,CWE-119,buffer
kernel/init.c,memcpy,CWE-120,buffer
kernel/init.c,memcpy,CWE-120,buffer
kernel/init.c,memcpy,CWE-120,buffer
kernel/init.c,memcpy,CWE-120,buffer
kernel/init.c,memcpy,CWE-120,buffer
kernel/mailbox.c,memcpy,CWE-120,buffer
kernel/mempool.c,memcpy,CWE-120,buffer
kernel/msg_q.c,memcpy,CWE-120,buffer
kernel/msg_q.c,memcpy,CWE-120,buffer
kernel/msg_q.c,memcpy,CWE-120,buffer
kernel/msg_q.c,memcpy,CWE-120,buffer
kernel/msg_q.c,memcpy,CWE-120,buffer
kernel/poll.c,memcpy,CWE-120,buffer
kernel/poll.c,memcpy,CWE-120,buffer
kernel/thread.c,strncpy,CWE-120,buffer
kernel/thread.c,strncpy,CWE-120,buffer
kernel/thread.c,strlen,CWE-126,buffer
kernel/thread.c,strncpy,CWE-120,buffer
kernel/userspace.c,memcpy,CWE-120,buffer
kernel/userspace.c,memcpy,CWE-120,buffer
lib/cmsis_rtos_v2/event_flags.c,strncpy,CWE-120,buffer
lib/cmsis_rtos_v2/event_flags.c,strncpy,CWE-120,buffer
lib/cmsis_rtos_v2/kernel.c,snprintf,CWE-134,format
lib/cmsis_rtos_v2/mempool.c,strncpy,CWE-120,buffer
lib/cmsis_rtos_v2/mempool.c,strncpy,CWE-120,buffer
lib/cmsis_rtos_v2/msgq.c,strncpy,CWE-120,buffer
lib/cmsis_rtos_v2/msgq.c,strncpy,CWE-120,buffer
lib/cmsis_rtos_v2/mutex.c,strncpy,CWE-120,buffer
lib/cmsis_rtos_v2/mutex.c,strncpy,CWE-120,buffer
lib/cmsis_rtos_v2/semaphore.c,strncpy,CWE-120,buffer
lib/cmsis_rtos_v2/semaphore.c,strncpy,CWE-120,buffer
lib/cmsis_rtos_v2/thread.c,strncpy,CWE-120,buffer
lib/cmsis_rtos_v2/thread.c,strncpy,CWE-120,buffer
lib/cmsis_rtos_v2/timer.c,strncpy,CWE-120,buffer
lib/cmsis_rtos_v2/timer.c,strncpy,CWE-120,buffer
lib/cmsis_rtos_v2/wrapper.h,char,CWE-119,buffer
lib/cmsis_rtos_v2/wrapper.h,char,CWE-119,buffer
lib/cmsis_rtos_v2/wrapper.h,char,CWE-119,buffer
lib/cmsis_rtos_v2/wrapper.h,char,CWE-119,buffer
lib/cmsis_rtos_v2/wrapper.h,char,CWE-119,buffer
lib/cmsis_rtos_v2/wrapper.h,char,CWE-119,buffer
lib/cmsis_rtos_v2/wrapper.h,char,CWE-119,buffer
lib/libc/minimal/include/fcntl.h,open,CWE-362,misc
lib/libc/minimal/include/stdio.h,printf,CWE-134,format
lib/libc/minimal/include/stdio.h,snprintf,CWE-134,format
lib/libc/minimal/include/stdio.h,sprintf,CWE-134,format
lib/libc/minimal/include/stdio.h,fprintf,CWE-134,format
lib/libc/minimal/include/stdio.h,vprintf,CWE-134,format
lib/libc/minimal/include/stdio.h,vsnprintf,CWE-134,format
lib/libc/minimal/include/stdio.h,vsprintf,CWE-134,format
lib/libc/minimal/include/stdio.h,vfprintf,CWE-134,format
lib/libc/minimal/include/stdlib.h,atoi,CWE-190,integer
lib/libc/minimal/include/string.h,strcpy,CWE-120,buffer
lib/libc/minimal/include/string.h,strcat,CWE-120,buffer
lib/libc/minimal/include/string.h,memcpy,CWE-120,buffer
lib/libc/minimal/include/string.h,strncpy,CWE-120,buffer
lib/libc/minimal/include/string.h,strlen,CWE-126,buffer
lib/libc/minimal/include/string.h,strncat,CWE-120,buffer
lib/libc/minimal/source/stdlib/atoi.c,atoi,CWE-190,integer
lib/libc/minimal/source/stdlib/malloc.c,memcpy,CWE-120,buffer
lib/libc/minimal/source/stdout/fprintf.c,fprintf,CWE-134,format
lib/libc/minimal/source/stdout/fprintf.c,vfprintf,CWE-134,format
lib/libc/minimal/source/stdout/fprintf.c,printf,CWE-134,format
lib/libc/minimal/source/stdout/fprintf.c,vprintf,CWE-134,format
lib/libc/minimal/source/stdout/prf.c,char,CWE-119,buffer
lib/libc/minimal/source/stdout/sprintf.c,snprintf,CWE-134,format
lib/libc/minimal/source/stdout/sprintf.c,sprintf,CWE-134,format
lib/libc/minimal/source/stdout/sprintf.c,vsnprintf,CWE-134,format
lib/libc/minimal/source/stdout/sprintf.c,vsprintf,CWE-134,format
lib/libc/minimal/source/stdout/stdout_console.c,strlen,CWE-126,buffer
lib/libc/minimal/source/string/string.c,strcpy,CWE-120,buffer
lib/libc/minimal/source/string/string.c,strcat,CWE-120,buffer
lib/libc/minimal/source/string/string.c,strcpy,CWE-120,buffer
lib/libc/minimal/source/string/string.c,memcpy,CWE-120,buffer
lib/libc/minimal/source/string/string.c,strncpy,CWE-120,buffer
lib/libc/minimal/source/string/string.c,strlen,CWE-126,buffer
lib/libc/minimal/source/string/string.c,strlen,CWE-126,buffer
lib/libc/minimal/source/string/string.c,strncat,CWE-120,buffer
lib/libc/minimal/source/string/string.c,strlen,CWE-126,buffer
lib/libc/minimal/source/string/strstr.c,strlen,CWE-126,buffer
lib/libc/newlib/libc-hooks.c,char,CWE-119,buffer
lib/libc/newlib/libc-hooks.c,open,CWE-362,misc
lib/libc/newlib/libc-hooks.c,read,"CWE-120, CWE-20",buffer
lib/os/fdtable.c,read,"CWE-120, CWE-20",buffer
lib/os/fdtable.c,read,"CWE-120, CWE-20",buffer
lib/os/fdtable.c,read,"CWE-120, CWE-20",buffer
lib/os/json.c,char,CWE-119,buffer
lib/os/json.c,char,CWE-119,buffer
lib/os/json.c,memcpy,CWE-120,buffer
lib/os/printk.c,char,CWE-119,buffer
lib/os/ring_buffer.c,memcpy,CWE-120,buffer
lib/os/ring_buffer.c,memcpy,CWE-120,buffer
lib/posix/fs.c,open,CWE-362,misc
lib/posix/fs.c,memcpy,CWE-120,buffer
lib/posix/fs.c,strlen,CWE-126,buffer
lib/posix/mqueue.c,strcpy,CWE-120,buffer
lib/posix/mqueue.c,strlen,CWE-126,buffer
lib/posix/mqueue.c,strlen,CWE-126,buffer
lib/posix/mqueue.c,strlen,CWE-126,buffer
lib/posix/pthread.c,memcpy,CWE-120,buffer
lib/posix/sleep.c,usleep,CWE-676,obsolete
lib/updatehub/updatehub_device.c,char,CWE-119,buffer
lib/updatehub/updatehub_device.c,strlen,CWE-126,buffer
lib/updatehub/updatehub_device.c,strncat,CWE-120,buffer
lib/updatehub/updatehub_priv.h,char,CWE-119,buffer
lib/updatehub/updatehub.c,char,CWE-119,buffer
lib/updatehub/updatehub.c,char,CWE-119,buffer
lib/updatehub/updatehub.c,char,CWE-119,buffer
lib/updatehub/updatehub.c,char,CWE-119,buffer
lib/updatehub/updatehub.c,char,CWE-119,buffer
lib/updatehub/updatehub.c,char,CWE-119,buffer
lib/updatehub/updatehub.c,memcpy,CWE-120,buffer
lib/updatehub/updatehub.c,memcpy,CWE-120,buffer
lib/updatehub/updatehub.c,memcpy,CWE-120,buffer
lib/updatehub/updatehub.c,memcpy,CWE-120,buffer
lib/updatehub/updatehub.c,memcpy,CWE-120,buffer
lib/updatehub/updatehub.c,strlen,CWE-126,buffer
lib/updatehub/updatehub.c,strlen,CWE-126,buffer
lib/updatehub/updatehub.c,strncat,CWE-120,buffer
lib/updatehub/updatehub.c,strlen,CWE-126,buffer
lib/updatehub/updatehub.c,strlen,CWE-126,buffer
lib/updatehub/updatehub.c,strlen,CWE-126,buffer
lib/updatehub/updatehub.c,strlen,CWE-126,buffer
lib/updatehub/updatehub.c,strlen,CWE-126,buffer
lib/updatehub/updatehub.c,strlen,CWE-126,buffer
lib/updatehub/updatehub.c,strlen,CWE-126,buffer
lib/updatehub/updatehub.c,strncat,CWE-120,buffer
lib/updatehub/updatehub.c,strlen,CWE-126,buffer
lib/updatehub/updatehub.c,strlen,CWE-126,buffer
lib/updatehub/updatehub.c,strlen,CWE-126,buffer
lib/updatehub/updatehub.c,strlen,CWE-126,buffer
lib/updatehub/updatehub.c,strlen,CWE-126,buffer
lib/updatehub/updatehub.c,strlen,CWE-126,buffer
lib/updatehub/updatehub.c,strlen,CWE-126,buffer
samples/basic/threads/src/main.c,memcpy,CWE-120,buffer
samples/bluetooth/central_hr/src/main.c,char,CWE-119,buffer
samples/bluetooth/central_hr/src/main.c,char,CWE-119,buffer
samples/bluetooth/central_hr/src/main.c,char,CWE-119,buffer
samples/bluetooth/central/src/main.c,char,CWE-119,buffer
samples/bluetooth/central/src/main.c,char,CWE-119,buffer
samples/bluetooth/central/src/main.c,char,CWE-119,buffer
samples/bluetooth/eddystone/src/main.c,memcpy,CWE-120,buffer
samples/bluetooth/eddystone/src/main.c,memcpy,CWE-120,buffer
samples/bluetooth/eddystone/src/main.c,memcpy,CWE-120,buffer
samples/bluetooth/eddystone/src/main.c,memcpy,CWE-120,buffer
samples/bluetooth/eddystone/src/main.c,memcpy,CWE-120,buffer
samples/bluetooth/hci_uart/src/main.c,read,"CWE-120, CWE-20",buffer
samples/bluetooth/hci_uart/src/main.c,read,"CWE-120, CWE-20",buffer
samples/bluetooth/hci_uart/src/main.c,read,"CWE-120, CWE-20",buffer
samples/bluetooth/hci_uart/src/main.c,read,"CWE-120, CWE-20",buffer
samples/bluetooth/hci_uart/src/main.c,read,"CWE-120, CWE-20",buffer
samples/bluetooth/hci_uart/src/main.c,read,"CWE-120, CWE-20",buffer
samples/bluetooth/hci_uart/src/main.c,read,"CWE-120, CWE-20",buffer
samples/bluetooth/ipsp/src/main.c,char,CWE-119,buffer
samples/bluetooth/ipsp/src/main.c,char,CWE-119,buffer
samples/bluetooth/peripheral_csc/src/main.c,memcpy,CWE-120,buffer
samples/bluetooth/peripheral_csc/src/main.c,memcpy,CWE-120,buffer
samples/bluetooth/peripheral_csc/src/main.c,memcpy,CWE-120,buffer
samples/bluetooth/peripheral_esp/src/main.c,char,CWE-119,buffer
samples/bluetooth/peripheral_esp/src/main.c,char,CWE-119,buffer
samples/bluetooth/peripheral_hids/src/hog.c,memcpy,CWE-120,buffer
samples/bluetooth/peripheral_hids/src/main.c,char,CWE-119,buffer
samples/bluetooth/peripheral_hids/src/main.c,char,CWE-119,buffer
samples/bluetooth/peripheral_hids/src/main.c,char,CWE-119,buffer
samples/bluetooth/peripheral_hids/src/main.c,char,CWE-119,buffer
samples/bluetooth/peripheral_hids/src/main.c,char,CWE-119,buffer
samples/bluetooth/peripheral_hr/src/main.c,char,CWE-119,buffer
samples/bluetooth/peripheral_ht/src/main.c,char,CWE-119,buffer
samples/bluetooth/peripheral_sc_only/src/main.c,char,CWE-119,buffer
samples/bluetooth/peripheral_sc_only/src/main.c,char,CWE-119,buffer
samples/bluetooth/peripheral_sc_only/src/main.c,char,CWE-119,buffer
samples/bluetooth/peripheral_sc_only/src/main.c,char,CWE-119,buffer
samples/bluetooth/peripheral_sc_only/src/main.c,char,CWE-119,buffer
samples/bluetooth/peripheral_sc_only/src/main.c,char,CWE-119,buffer
samples/bluetooth/peripheral_sc_only/src/main.c,char,CWE-119,buffer
samples/bluetooth/peripheral/src/cts.c,memcpy,CWE-120,buffer
samples/bluetooth/peripheral/src/cts.c,memcpy,CWE-120,buffer
samples/bluetooth/peripheral/src/main.c,memcpy,CWE-120,buffer
samples/bluetooth/peripheral/src/main.c,memcpy,CWE-120,buffer
samples/bluetooth/peripheral/src/main.c,memcpy,CWE-120,buffer
samples/bluetooth/peripheral/src/main.c,memcpy,CWE-120,buffer
samples/bluetooth/peripheral/src/main.c,char,CWE-119,buffer
samples/bluetooth/peripheral/src/main.c,char,CWE-119,buffer
samples/bluetooth/peripheral/src/main.c,strlen,CWE-126,buffer
samples/boards/96b_argonkey/sensors/src/main.c,char,CWE-119,buffer
samples/boards/96b_argonkey/sensors/src/main.c,sprintf,CWE-120,buffer
samples/boards/96b_argonkey/sensors/src/main.c,sprintf,CWE-120,buffer
samples/boards/96b_argonkey/sensors/src/main.c,sprintf,CWE-120,buffer
samples/boards/96b_argonkey/sensors/src/main.c,sprintf,CWE-120,buffer
samples/boards/96b_argonkey/sensors/src/main.c,char,CWE-119,buffer
samples/boards/96b_argonkey/sensors/src/main.c,sprintf,CWE-120,buffer
samples/boards/96b_argonkey/sensors/src/main.c,sprintf,CWE-120,buffer
samples/boards/96b_argonkey/sensors/src/main.c,sprintf,CWE-120,buffer
samples/boards/96b_argonkey/sensors/src/main.c,sprintf,CWE-120,buffer
samples/boards/bbc_microbit/line_follower_robot/src/main.c,char,CWE-119,buffer
samples/boards/bbc_microbit/line_follower_robot/src/main.c,char,CWE-119,buffer
samples/boards/intel_s1000_crb/audio/src/audio_core.c,read,"CWE-120, CWE-20",buffer
samples/boards/intel_s1000_crb/audio/src/audio_core.c,read,"CWE-120, CWE-20",buffer
samples/boards/intel_s1000_crb/audio/src/audio_core.c,read,"CWE-120, CWE-20",buffer
samples/boards/intel_s1000_crb/audio/src/audio_core.c,read,"CWE-120, CWE-20",buffer
samples/boards/intel_s1000_crb/audio/src/tuning_driver.c,memcpy,CWE-120,buffer
samples/boards/intel_s1000_crb/dmic/src/dmic_sample.c,char,CWE-119,buffer
samples/boards/intel_s1000_crb/i2s/src/i2s_sample.c,char,CWE-119,buffer
samples/boards/intel_s1000_crb/i2s/src/i2s_sample.c,memcpy,CWE-120,buffer
samples/boards/nrf52/mesh/onoff_level_lighting_vnd_app/src/mesh/ble_mesh.c,memcpy,CWE-120,buffer
samples/boards/nrf52/mesh/onoff-app/src/main.c,memcpy,CWE-120,buffer
samples/boards/olimex_stm32_e407/ccm/src/main.c,char,CWE-119,buffer
samples/boards/reel_board/mesh_badge/src/main.c,char,CWE-119,buffer
samples/boards/reel_board/mesh_badge/src/main.c,memcpy,CWE-120,buffer
samples/boards/reel_board/mesh_badge/src/main.c,char,CWE-119,buffer
samples/boards/reel_board/mesh_badge/src/main.c,strlen,CWE-126,buffer
samples/boards/reel_board/mesh_badge/src/mesh.c,char,CWE-119,buffer
samples/boards/reel_board/mesh_badge/src/mesh.c,memcpy,CWE-120,buffer
samples/boards/reel_board/mesh_badge/src/mesh.c,strcat,CWE-120,buffer
samples/boards/reel_board/mesh_badge/src/mesh.c,char,CWE-119,buffer
samples/boards/reel_board/mesh_badge/src/mesh.c,memcpy,CWE-120,buffer
samples/boards/reel_board/mesh_badge/src/mesh.c,strcat,CWE-120,buffer
samples/boards/reel_board/mesh_badge/src/mesh.c,char,CWE-119,buffer
samples/boards/reel_board/mesh_badge/src/reel_board.c,char,CWE-119,buffer
samples/boards/reel_board/mesh_badge/src/reel_board.c,memcpy,CWE-120,buffer
samples/boards/reel_board/mesh_badge/src/reel_board.c,char,CWE-119,buffer
samples/boards/reel_board/mesh_badge/src/reel_board.c,char,CWE-119,buffer
samples/boards/reel_board/mesh_badge/src/reel_board.c,char,CWE-119,buffer
samples/boards/reel_board/mesh_badge/src/reel_board.c,strncpy,CWE-120,buffer
samples/boards/reel_board/mesh_badge/src/reel_board.c,strncpy,CWE-120,buffer
samples/boards/reel_board/mesh_badge/src/reel_board.c,strncpy,CWE-120,buffer
samples/display/grove_display/src/main.c,char,CWE-119,buffer
samples/drivers/flash_shell/src/main.c,read,"CWE-120, CWE-20",buffer
samples/drivers/lcd_hd44780/src/main.c,strlen,CWE-126,buffer
samples/drivers/spi_fujitsu_fram/src/main.c,access,CWE-367,race
samples/drivers/spi_fujitsu_fram/src/main.c,access,CWE-367,race
samples/drivers/spi_fujitsu_fram/src/main.c,access,CWE-367,race
samples/drivers/spi_fujitsu_fram/src/main.c,access,CWE-367,race
samples/drivers/spi_fujitsu_fram/src/main.c,access,CWE-367,race
samples/gui/lvgl/src/main.c,char,CWE-119,buffer
samples/gui/lvgl/src/main.c,sprintf,CWE-120,buffer
samples/mpu/mpu_test/src/main.c,read,"CWE-120, CWE-20",buffer
samples/net/dhcpv4_client/src/main.c,char,CWE-119,buffer
samples/net/dns_resolve/src/main.c,char,CWE-119,buffer
samples/net/dns_resolve/src/main.c,char,CWE-119,buffer
samples/net/dns_resolve/src/main.c,char,CWE-119,buffer
samples/net/dns_resolve/src/main.c,char,CWE-119,buffer
samples/net/google_iot_mqtt/src/main.c,char,CWE-119,buffer
samples/net/google_iot_mqtt/src/main.c,char,CWE-119,buffer
samples/net/google_iot_mqtt/src/main.c,char,CWE-119,buffer
samples/net/google_iot_mqtt/src/protocol.c,sprintf,CWE-120,buffer
samples/net/google_iot_mqtt/src/protocol.c,char,CWE-119,buffer
samples/net/google_iot_mqtt/src/protocol.c,strlen,CWE-126,buffer
samples/net/google_iot_mqtt/src/protocol.c,strlen,CWE-126,buffer
samples/net/google_iot_mqtt/src/protocol.c,strlen,CWE-126,buffer
samples/net/google_iot_mqtt/src/protocol.c,strlen,CWE-126,buffer
samples/net/gptp/src/main.c,char,CWE-119,buffer
samples/net/ipv4_autoconf/src/main.c,char,CWE-119,buffer
samples/net/lwm2m_client/src/lwm2m-client.c,char,CWE-119,buffer
samples/net/lwm2m_client/src/lwm2m-client.c,sprintf,CWE-120,buffer
samples/net/mqtt_publisher/src/main.c,char,CWE-119,buffer
samples/net/mqtt_publisher/src/main.c,strlen,CWE-126,buffer
samples/net/mqtt_publisher/src/main.c,strlen,CWE-126,buffer
samples/net/mqtt_publisher/src/main.c,strlen,CWE-126,buffer
samples/net/mqtt_publisher/src/main.c,strlen,CWE-126,buffer
samples/net/nats/src/main.c,strlen,CWE-126,buffer
samples/net/nats/src/nats.c,memcpy,CWE-120,buffer
samples/net/nats/src/nats.c,char,CWE-119,buffer
samples/net/nats/src/nats.c,memcpy,CWE-120,buffer
samples/net/nats/src/nats.c,char,CWE-119,buffer
samples/net/nats/src/nats.c,char,CWE-119,buffer
samples/net/nats/src/nats.c,char,CWE-119,buffer
samples/net/nats/src/nats.c,strlen,CWE-126,buffer
samples/net/nats/src/nats.c,strlen,CWE-126,buffer
samples/net/nats/src/nats.c,strlen,CWE-126,buffer
samples/net/nats/src/nats.c,strlen,CWE-126,buffer
samples/net/nats/src/nats.c,strlen,CWE-126,buffer
samples/net/nats/src/nats.c,strlen,CWE-126,buffer
samples/net/nats/src/nats.c,strlen,CWE-126,buffer
samples/net/nats/src/nats.c,strlen,CWE-126,buffer
samples/net/nats/src/nats.c,strlen,CWE-126,buffer
samples/net/nats/src/nats.c,strlen,CWE-126,buffer
samples/net/promiscuous_mode/src/main.c,char,CWE-119,buffer
samples/net/promiscuous_mode/src/main.c,char,CWE-119,buffer
samples/net/sockets/big_http_download/src/big_http_download.c,char,CWE-119,buffer
samples/net/sockets/big_http_download/src/big_http_download.c,char,CWE-119,buffer
samples/net/sockets/big_http_download/src/big_http_download.c,strlen,CWE-126,buffer
samples/net/sockets/big_http_download/src/big_http_download.c,strlen,CWE-126,buffer
samples/net/sockets/big_http_download/src/big_http_download.c,strlen,CWE-126,buffer
samples/net/sockets/civetweb/src/libc_extensions.c,sscanf,"CWE-120, CWE-20",buffer
samples/net/sockets/civetweb/src/libc_extensions.c,char,CWE-119,buffer
samples/net/sockets/civetweb/src/libc_extensions.c,atoi,CWE-190,integer
samples/net/sockets/civetweb/src/libc_extensions.h,sscanf,"CWE-120, CWE-20",buffer
samples/net/sockets/civetweb/src/libc_extensions.h,fopen,CWE-362,misc
samples/net/sockets/civetweb/src/main.c,char,CWE-119,buffer
samples/net/sockets/civetweb/src/main.c,char,CWE-119,buffer
samples/net/sockets/coap_client/src/coap-client.c,strlen,CWE-126,buffer
samples/net/sockets/coap_client/src/coap-client.c,strlen,CWE-126,buffer
samples/net/sockets/coap_client/src/coap-client.c,strlen,CWE-126,buffer
samples/net/sockets/coap_client/src/coap-client.c,strlen,CWE-126,buffer
samples/net/sockets/coap_server/src/coap-server.c,char,CWE-119,buffer
samples/net/sockets/coap_server/src/coap-server.c,memcpy,CWE-120,buffer
samples/net/sockets/coap_server/src/coap-server.c,char,CWE-119,buffer
samples/net/sockets/coap_server/src/coap-server.c,strlen,CWE-126,buffer
samples/net/sockets/coap_server/src/coap-server.c,strlen,CWE-126,buffer
samples/net/sockets/coap_server/src/coap-server.c,strlen,CWE-126,buffer
samples/net/sockets/coap_server/src/coap-server.c,strlen,CWE-126,buffer
samples/net/sockets/coap_server/src/coap-server.c,strlen,CWE-126,buffer
samples/net/sockets/coap_server/src/coap-server.c,strlen,CWE-126,buffer
samples/net/sockets/dumb_http_server/src/socket_dumb_http.c,char,CWE-119,buffer
samples/net/sockets/echo_async_select/src/socket_echo_select.c,char,CWE-119,buffer
samples/net/sockets/echo_async_select/src/socket_echo_select.c,char,CWE-119,buffer
samples/net/sockets/echo_async/src/socket_echo.c,char,CWE-119,buffer
samples/net/sockets/echo_async/src/socket_echo.c,char,CWE-119,buffer
samples/net/sockets/echo_client/src/tcp.c,char,CWE-119,buffer
samples/net/sockets/echo_client/src/udp.c,char,CWE-119,buffer
samples/net/sockets/echo_server/src/common.h,char,CWE-119,buffer
samples/net/sockets/echo_server/src/common.h,char,CWE-119,buffer
samples/net/sockets/echo/src/socket_echo.c,char,CWE-119,buffer
samples/net/sockets/echo/src/socket_echo.c,char,CWE-119,buffer
samples/net/sockets/http_get/src/http_get.c,char,CWE-119,buffer
samples/net/sockets/net_mgmt/src/main.c,char,CWE-119,buffer
samples/net/sockets/packet/src/packet.c,char,CWE-119,buffer
samples/net/telnet/src/telnet.c,char,CWE-119,buffer
samples/net/telnet/src/telnet.c,char,CWE-119,buffer
samples/net/telnet/src/telnet.c,char,CWE-119,buffer
samples/net/zperf/src/zperf_tcp_receiver.c,memcpy,CWE-120,buffer
samples/net/zperf/src/zperf_tcp_receiver.c,memcpy,CWE-120,buffer
samples/net/zperf/src/zperf_tcp_receiver.c,strlen,CWE-126,buffer
samples/net/zperf/src/zperf_tcp_receiver.c,strlen,CWE-126,buffer
samples/net/zperf/src/zperf_tcp_uploader.c,char,CWE-119,buffer
samples/net/zperf/src/zperf_udp_receiver.c,memcpy,CWE-120,buffer
samples/net/zperf/src/zperf_udp_receiver.c,memcpy,CWE-120,buffer
samples/net/zperf/src/zperf_udp_receiver.c,memcpy,CWE-120,buffer
samples/net/zperf/src/zperf_udp_receiver.c,strlen,CWE-126,buffer
samples/net/zperf/src/zperf_udp_receiver.c,strlen,CWE-126,buffer
samples/nfc/nfc_hello/src/main.c,memcpy,CWE-120,buffer
samples/portability/cmsis_rtos_v2/timer_synchronization/src/main.c,char,CWE-119,buffer
samples/sensor/adxl372/src/main.c,char,CWE-119,buffer
samples/sensor/grove_light/src/main.c,read,"CWE-120, CWE-20",buffer
samples/sensor/grove_light/src/main.c,read,"CWE-120, CWE-20",buffer
samples/sensor/grove_light/src/main.c,read,"CWE-120, CWE-20",buffer
samples/sensor/grove_temperature/src/main.c,char,CWE-119,buffer
samples/sensor/grove_temperature/src/main.c,sprintf,CWE-120,buffer
samples/sensor/grove_temperature/src/main.c,sprintf,CWE-120,buffer
samples/sensor/grove_temperature/src/main.c,read,"CWE-120, CWE-20",buffer
samples/sensor/grove_temperature/src/main.c,read,"CWE-120, CWE-20",buffer
samples/sensor/grove_temperature/src/main.c,strlen,CWE-126,buffer
samples/sensor/lsm6dsl/src/main.c,char,CWE-119,buffer
samples/sensor/lsm6dsl/src/main.c,sprintf,CWE-120,buffer
samples/sensor/lsm6dsl/src/main.c,sprintf,CWE-120,buffer
samples/sensor/lsm6dsl/src/main.c,sprintf,CWE-120,buffer
samples/sensor/lsm6dsl/src/main.c,sprintf,CWE-120,buffer
samples/sensor/th02/src/main.c,char,CWE-119,buffer
samples/sensor/th02/src/main.c,sprintf,CWE-120,buffer
samples/sensor/th02/src/main.c,sprintf,CWE-120,buffer
samples/sensor/th02/src/main.c,strlen,CWE-126,buffer
samples/sensor/th02/src/main.c,strlen,CWE-126,buffer
samples/sensor/th02/src/main.c,strlen,CWE-126,buffer
samples/subsys/console/getline/src/main.c,strlen,CWE-126,buffer
samples/subsys/fs/littlefs/src/main.c,char,CWE-119,buffer
samples/subsys/nvs/src/main.c,char,CWE-119,buffer
samples/subsys/nvs/src/main.c,strcpy,CWE-120,buffer
samples/subsys/nvs/src/main.c,strcpy,CWE-120,buffer
samples/subsys/nvs/src/main.c,strlen,CWE-126,buffer
samples/subsys/nvs/src/main.c,strlen,CWE-126,buffer
samples/subsys/power/device_pm/src/dummy_driver.h,open,CWE-362,misc
samples/subsys/power/device_pm/src/dummy_driver.h,read,"CWE-120, CWE-20",buffer
samples/subsys/power/device_pm/src/main.c,open,CWE-362,misc
samples/subsys/power/device_pm/src/main.c,read,"CWE-120, CWE-20",buffer
samples/subsys/shell/shell_module/src/dynamic_cmd.c,sprintf,CWE-120,buffer
samples/subsys/shell/shell_module/src/dynamic_cmd.c,char,CWE-119,buffer
samples/subsys/shell/shell_module/src/dynamic_cmd.c,strlen,CWE-126,buffer
samples/subsys/usb/cdc_acm_composite/src/main.c,read,"CWE-120, CWE-20",buffer
samples/subsys/usb/cdc_acm_composite/src/main.c,read,"CWE-120, CWE-20",buffer
samples/subsys/usb/cdc_acm_composite/src/main.c,read,"CWE-120, CWE-20",buffer
samples/subsys/usb/cdc_acm_composite/src/main.c,read,"CWE-120, CWE-20",buffer
samples/subsys/usb/console/src/main.c,strlen,CWE-126,buffer
samples/subsys/usb/console/src/main.c,strlen,CWE-126,buffer
samples/subsys/usb/console/src/main.c,strlen,CWE-126,buffer
samples/subsys/usb/hid-cdc/src/main.c,strcpy,CWE-120,buffer
samples/subsys/usb/hid-cdc/src/main.c,char,CWE-119,buffer
samples/subsys/usb/hid-cdc/src/main.c,char,CWE-119,buffer
samples/subsys/usb/hid-cdc/src/main.c,strlen,CWE-126,buffer
samples/subsys/usb/hid-cdc/src/main.c,strlen,CWE-126,buffer
samples/subsys/usb/hid-cdc/src/main.c,strlen,CWE-126,buffer
samples/subsys/usb/hid-cdc/src/main.c,strlen,CWE-126,buffer
samples/subsys/usb/hid-cdc/src/main.c,strlen,CWE-126,buffer
samples/subsys/usb/hid-cdc/src/main.c,strlen,CWE-126,buffer
samples/subsys/usb/hid-cdc/src/main.c,strlen,CWE-126,buffer
samples/subsys/usb/hid-cdc/src/main.c,strlen,CWE-126,buffer
samples/subsys/usb/hid-cdc/src/main.c,strlen,CWE-126,buffer
samples/subsys/usb/hid-cdc/src/main.c,strlen,CWE-126,buffer
samples/subsys/usb/hid-cdc/src/main.c,strlen,CWE-126,buffer
samples/subsys/usb/hid-cdc/src/main.c,strlen,CWE-126,buffer
samples/subsys/usb/hid-cdc/src/main.c,strlen,CWE-126,buffer
samples/subsys/usb/hid-cdc/src/main.c,strlen,CWE-126,buffer
samples/subsys/usb/hid-cdc/src/main.c,strlen,CWE-126,buffer
samples/subsys/usb/hid-cdc/src/main.c,strlen,CWE-126,buffer
samples/subsys/usb/hid-cdc/src/main.c,strlen,CWE-126,buffer
samples/subsys/usb/hid-cdc/src/main.c,strlen,CWE-126,buffer
samples/subsys/usb/hid-cdc/src/main.c,strlen,CWE-126,buffer
samples/subsys/usb/hid-cdc/src/main.c,strlen,CWE-126,buffer
samples/subsys/usb/hid-cdc/src/main.c,strlen,CWE-126,buffer
samples/subsys/usb/hid-cdc/src/main.c,strlen,CWE-126,buffer
samples/subsys/usb/hid-cdc/src/main.c,strlen,CWE-126,buffer
samples/userspace/shared_mem/src/main.c,char,CWE-119,buffer
samples/userspace/shared_mem/src/main.c,char,CWE-119,buffer
samples/userspace/shared_mem/src/main.c,memcpy,CWE-120,buffer
samples/userspace/shared_mem/src/main.c,memcpy,CWE-120,buffer
samples/userspace/shared_mem/src/main.c,memcpy,CWE-120,buffer
samples/userspace/shared_mem/src/main.c,memcpy,CWE-120,buffer
samples/userspace/shared_mem/src/main.c,char,CWE-119,buffer
samples/userspace/shared_mem/src/main.c,memcpy,CWE-120,buffer
soc/arm/nxp_lpc/lpc54xxx/soc.c,memcpy,CWE-120,buffer
soc/arm/st_stm32/stm32f0/soc.c,memcpy,CWE-120,buffer
subsys/bluetooth/common/log.c,char,CWE-119,buffer
subsys/bluetooth/common/log.c,char,CWE-119,buffer
subsys/bluetooth/common/log.c,char,CWE-119,buffer
subsys/bluetooth/common/rpa.c,memcpy,CWE-120,buffer
subsys/bluetooth/common/rpa.c,memcpy,CWE-120,buffer
subsys/bluetooth/controller/crypto/crypto.c,memcpy,CWE-120,buffer
subsys/bluetooth/controller/crypto/crypto.c,memcpy,CWE-120,buffer
subsys/bluetooth/controller/hci/hci.c,memcpy,CWE-120,buffer
subsys/bluetooth/controller/hci/hci.c,memcpy,CWE-120,buffer
subsys/bluetooth/controller/hci/hci.c,memcpy,CWE-120,buffer
subsys/bluetooth/controller/hci/hci.c,memcpy,CWE-120,buffer
subsys/bluetooth/controller/hci/hci.c,memcpy,CWE-120,buffer
subsys/bluetooth/controller/hci/hci.c,memcpy,CWE-120,buffer
subsys/bluetooth/controller/hci/hci.c,memcpy,CWE-120,buffer
subsys/bluetooth/controller/hci/hci.c,memcpy,CWE-120,buffer
subsys/bluetooth/controller/hci/hci.c,memcpy,CWE-120,buffer
subsys/bluetooth/controller/hci/hci.c,memcpy,CWE-120,buffer
subsys/bluetooth/controller/hci/hci.c,memcpy,CWE-120,buffer
subsys/bluetooth/controller/hci/hci.c,memcpy,CWE-120,buffer
subsys/bluetooth/controller/hci/hci.c,memcpy,CWE-120,buffer
subsys/bluetooth/controller/hci/hci.c,memcpy,CWE-120,buffer
subsys/bluetooth/controller/hci/hci.c,memcpy,CWE-120,buffer
subsys/bluetooth/controller/hci/hci.c,memcpy,CWE-120,buffer
subsys/bluetooth/controller/hci/hci.c,memcpy,CWE-120,buffer
subsys/bluetooth/controller/hci/hci.c,memcpy,CWE-120,buffer
subsys/bluetooth/controller/hci/hci.c,memcpy,CWE-120,buffer
subsys/bluetooth/controller/hci/hci.c,memcpy,CWE-120,buffer
subsys/bluetooth/controller/hci/hci.c,memcpy,CWE-120,buffer
subsys/bluetooth/controller/hci/hci.c,memcpy,CWE-120,buffer
subsys/bluetooth/controller/ll_sw/ctrl.c,memcpy,CWE-120,buffer
subsys/bluetooth/controller/ll_sw/ctrl.c,memcpy,CWE-120,buffer
subsys/bluetooth/controller/ll_sw/ctrl.c,memcpy,CWE-120,buffer
subsys/bluetooth/controller/ll_sw/ctrl.c,memcpy,CWE-120,buffer
subsys/bluetooth/controller/ll_sw/ctrl.c,memcpy,CWE-120,buffer
subsys/bluetooth/controller/ll_sw/ctrl.c,memcpy,CWE-120,buffer
subsys/bluetooth/controller/ll_sw/ctrl.c,memcpy,CWE-120,buffer
subsys/bluetooth/controller/ll_sw/ctrl.c,memcpy,CWE-120,buffer
subsys/bluetooth/controller/ll_sw/ctrl.c,memcpy,CWE-120,buffer
subsys/bluetooth/controller/ll_sw/ctrl.c,memcpy,CWE-120,buffer
subsys/bluetooth/controller/ll_sw/ctrl.c,memcpy,CWE-120,buffer
subsys/bluetooth/controller/ll_sw/ctrl.c,memcpy,CWE-120,buffer
subsys/bluetooth/controller/ll_sw/ctrl.c,memcpy,CWE-120,buffer
subsys/bluetooth/controller/ll_sw/ctrl.c,memcpy,CWE-120,buffer
subsys/bluetooth/controller/ll_sw/ctrl.c,memcpy,CWE-120,buffer
subsys/bluetooth/controller/ll_sw/ctrl.c,memcpy,CWE-120,buffer
subsys/bluetooth/controller/ll_sw/ctrl.c,memcpy,CWE-120,buffer
subsys/bluetooth/controller/ll_sw/ctrl.c,memcpy,CWE-120,buffer
subsys/bluetooth/controller/ll_sw/ctrl.c,memcpy,CWE-120,buffer
subsys/bluetooth/controller/ll_sw/ctrl.c,memcpy,CWE-120,buffer
subsys/bluetooth/controller/ll_sw/ctrl.c,memcpy,CWE-120,buffer
subsys/bluetooth/controller/ll_sw/ctrl.c,memcpy,CWE-120,buffer
subsys/bluetooth/controller/ll_sw/ctrl.c,memcpy,CWE-120,buffer
subsys/bluetooth/controller/ll_sw/ctrl.c,memcpy,CWE-120,buffer
subsys/bluetooth/controller/ll_sw/ctrl.c,memcpy,CWE-120,buffer
subsys/bluetooth/controller/ll_sw/ctrl.c,memcpy,CWE-120,buffer
subsys/bluetooth/controller/ll_sw/ctrl.c,memcpy,CWE-120,buffer
subsys/bluetooth/controller/ll_sw/ctrl.c,memcpy,CWE-120,buffer
subsys/bluetooth/controller/ll_sw/ctrl.c,memcpy,CWE-120,buffer
subsys/bluetooth/controller/ll_sw/ctrl.c,memcpy,CWE-120,buffer
subsys/bluetooth/controller/ll_sw/ctrl.c,memcpy,CWE-120,buffer
subsys/bluetooth/controller/ll_sw/ctrl.c,memcpy,CWE-120,buffer
subsys/bluetooth/controller/ll_sw/ctrl.c,memcpy,CWE-120,buffer
subsys/bluetooth/controller/ll_sw/ctrl.c,memcpy,CWE-120,buffer
subsys/bluetooth/controller/ll_sw/ctrl.c,memcpy,CWE-120,buffer
subsys/bluetooth/controller/ll_sw/ctrl.c,memcpy,CWE-120,buffer
subsys/bluetooth/controller/ll_sw/ctrl.c,memcpy,CWE-120,buffer
subsys/bluetooth/controller/ll_sw/ctrl.c,memcpy,CWE-120,buffer
subsys/bluetooth/controller/ll_sw/ctrl.c,memcpy,CWE-120,buffer
subsys/bluetooth/controller/ll_sw/ctrl.c,memcpy,CWE-120,buffer
subsys/bluetooth/controller/ll_sw/ctrl.c,memcpy,CWE-120,buffer
subsys/bluetooth/controller/ll_sw/ctrl.c,memcpy,CWE-120,buffer
subsys/bluetooth/controller/ll_sw/ctrl.c,memcpy,CWE-120,buffer
subsys/bluetooth/controller/ll_sw/ctrl.c,memcpy,CWE-120,buffer
subsys/bluetooth/controller/ll_sw/ctrl.c,memcpy,CWE-120,buffer
subsys/bluetooth/controller/ll_sw/ctrl.c,memcpy,CWE-120,buffer
subsys/bluetooth/controller/ll_sw/ctrl.c,memcpy,CWE-120,buffer
subsys/bluetooth/controller/ll_sw/ctrl.c,memcpy,CWE-120,buffer
subsys/bluetooth/controller/ll_sw/ctrl.c,memcpy,CWE-120,buffer
subsys/bluetooth/controller/ll_sw/ctrl.c,memcpy,CWE-120,buffer
subsys/bluetooth/controller/ll_sw/ctrl.c,memcpy,CWE-120,buffer
subsys/bluetooth/controller/ll_sw/ctrl.c,memcpy,CWE-120,buffer
subsys/bluetooth/controller/ll_sw/ctrl.c,memcpy,CWE-120,buffer
subsys/bluetooth/controller/ll_sw/ctrl.c,memcpy,CWE-120,buffer
subsys/bluetooth/controller/ll_sw/ctrl.c,memcpy,CWE-120,buffer
subsys/bluetooth/controller/ll_sw/ll_addr.c,memcpy,CWE-120,buffer
subsys/bluetooth/controller/ll_sw/ll_addr.c,memcpy,CWE-120,buffer
subsys/bluetooth/controller/ll_sw/ll_addr.c,memcpy,CWE-120,buffer
subsys/bluetooth/controller/ll_sw/ll_addr.c,memcpy,CWE-120,buffer
subsys/bluetooth/controller/ll_sw/ll_adv.c,memcpy,CWE-120,buffer
subsys/bluetooth/controller/ll_sw/ll_adv.c,memcpy,CWE-120,buffer
subsys/bluetooth/controller/ll_sw/ll_adv.c,memcpy,CWE-120,buffer
subsys/bluetooth/controller/ll_sw/ll_adv.c,memcpy,CWE-120,buffer
subsys/bluetooth/controller/ll_sw/ll_adv.c,memcpy,CWE-120,buffer
subsys/bluetooth/controller/ll_sw/ll_adv.c,memcpy,CWE-120,buffer
subsys/bluetooth/controller/ll_sw/ll_adv.c,memcpy,CWE-120,buffer
subsys/bluetooth/controller/ll_sw/ll_adv.c,memcpy,CWE-120,buffer
subsys/bluetooth/controller/ll_sw/ll_adv.c,memcpy,CWE-120,buffer
subsys/bluetooth/controller/ll_sw/ll_adv.c,memcpy,CWE-120,buffer
subsys/bluetooth/controller/ll_sw/ll_filter.c,memcpy,CWE-120,buffer
subsys/bluetooth/controller/ll_sw/ll_filter.c,memcpy,CWE-120,buffer
subsys/bluetooth/controller/ll_sw/ll_filter.c,memcpy,CWE-120,buffer
subsys/bluetooth/controller/ll_sw/ll_filter.c,memcpy,CWE-120,buffer
subsys/bluetooth/controller/ll_sw/ll_filter.c,memcpy,CWE-120,buffer
subsys/bluetooth/controller/ll_sw/ll_filter.c,memcpy,CWE-120,buffer
subsys/bluetooth/controller/ll_sw/ll_filter.c,memcpy,CWE-120,buffer
subsys/bluetooth/controller/ll_sw/ll_filter.c,memcpy,CWE-120,buffer
subsys/bluetooth/controller/ll_sw/ll_filter.c,memcpy,CWE-120,buffer
subsys/bluetooth/controller/ll_sw/ll_test.c,memcpy,CWE-120,buffer
subsys/bluetooth/controller/ll_sw/ll_test.c,memcpy,CWE-120,buffer
subsys/bluetooth/controller/ll_sw/nordic/hal/nrf5/ecb.c,memcpy,CWE-120,buffer
subsys/bluetooth/controller/ll_sw/nordic/hal/nrf5/ecb.c,memcpy,CWE-120,buffer
subsys/bluetooth/controller/ll_sw/nordic/hal/nrf5/ecb.c,memcpy,CWE-120,buffer
subsys/bluetooth/controller/ll_sw/nordic/hal/nrf5/ecb.c,memcpy,CWE-120,buffer
subsys/bluetooth/controller/ll_sw/nordic/lll/lll_adv.c,memcpy,CWE-120,buffer
subsys/bluetooth/controller/ll_sw/nordic/lll/lll_adv.c,memcpy,CWE-120,buffer
subsys/bluetooth/controller/ll_sw/nordic/lll/lll_adv.c,memcpy,CWE-120,buffer
subsys/bluetooth/controller/ll_sw/nordic/lll/lll_conn.c,memcpy,CWE-120,buffer
subsys/bluetooth/controller/ll_sw/nordic/lll/lll_scan.c,memcpy,CWE-120,buffer
subsys/bluetooth/controller/ll_sw/nordic/lll/lll_scan.c,memcpy,CWE-120,buffer
subsys/bluetooth/controller/ll_sw/nordic/lll/lll_scan.c,memcpy,CWE-120,buffer
subsys/bluetooth/controller/ll_sw/nordic/lll/lll_scan.c,memcpy,CWE-120,buffer
subsys/bluetooth/controller/ll_sw/nordic/lll/lll_scan.c,memcpy,CWE-120,buffer
subsys/bluetooth/controller/ll_sw/nordic/lll/lll_scan.c,memcpy,CWE-120,buffer
subsys/bluetooth/controller/ll_sw/nordic/lll/lll_scan.c,memcpy,CWE-120,buffer
subsys/bluetooth/controller/ll_sw/nordic/lll/lll_scan.c,memcpy,CWE-120,buffer
subsys/bluetooth/controller/ll_sw/nordic/lll/lll_scan.c,memcpy,CWE-120,buffer
subsys/bluetooth/controller/ll_sw/nordic/lll/lll_scan.c,memcpy,CWE-120,buffer
subsys/bluetooth/controller/ll_sw/nordic/lll/lll_test.c,memcpy,CWE-120,buffer
subsys/bluetooth/controller/ll_sw/nordic/lll/lll_test.c,memcpy,CWE-120,buffer
subsys/bluetooth/controller/ll_sw/ull_adv.c,memcpy,CWE-120,buffer
subsys/bluetooth/controller/ll_sw/ull_adv.c,memcpy,CWE-120,buffer
subsys/bluetooth/controller/ll_sw/ull_adv.c,memcpy,CWE-120,buffer
subsys/bluetooth/controller/ll_sw/ull_adv.c,memcpy,CWE-120,buffer
subsys/bluetooth/controller/ll_sw/ull_adv.c,memcpy,CWE-120,buffer
subsys/bluetooth/controller/ll_sw/ull_adv.c,memcpy,CWE-120,buffer
subsys/bluetooth/controller/ll_sw/ull_adv.c,memcpy,CWE-120,buffer
subsys/bluetooth/controller/ll_sw/ull_adv.c,memcpy,CWE-120,buffer
subsys/bluetooth/controller/ll_sw/ull_adv.c,memcpy,CWE-120,buffer
subsys/bluetooth/controller/ll_sw/ull_adv.c,memcpy,CWE-120,buffer
subsys/bluetooth/controller/ll_sw/ull_conn.c,memcpy,CWE-120,buffer
subsys/bluetooth/controller/ll_sw/ull_conn.c,memcpy,CWE-120,buffer
subsys/bluetooth/controller/ll_sw/ull_conn.c,memcpy,CWE-120,buffer
subsys/bluetooth/controller/ll_sw/ull_conn.c,memcpy,CWE-120,buffer
subsys/bluetooth/controller/ll_sw/ull_conn.c,memcpy,CWE-120,buffer
subsys/bluetooth/controller/ll_sw/ull_conn.c,memcpy,CWE-120,buffer
subsys/bluetooth/controller/ll_sw/ull_conn.c,memcpy,CWE-120,buffer
subsys/bluetooth/controller/ll_sw/ull_conn.c,memcpy,CWE-120,buffer
subsys/bluetooth/controller/ll_sw/ull_conn.c,memcpy,CWE-120,buffer
subsys/bluetooth/controller/ll_sw/ull_conn.c,memcpy,CWE-120,buffer
subsys/bluetooth/controller/ll_sw/ull_conn.c,memcpy,CWE-120,buffer
subsys/bluetooth/controller/ll_sw/ull_conn.c,memcpy,CWE-120,buffer
subsys/bluetooth/controller/ll_sw/ull_conn.c,memcpy,CWE-120,buffer
subsys/bluetooth/controller/ll_sw/ull_conn.c,memcpy,CWE-120,buffer
subsys/bluetooth/controller/ll_sw/ull_conn.c,memcpy,CWE-120,buffer
subsys/bluetooth/controller/ll_sw/ull_conn.c,memcpy,CWE-120,buffer
subsys/bluetooth/controller/ll_sw/ull_conn.c,memcpy,CWE-120,buffer
subsys/bluetooth/controller/ll_sw/ull_conn.c,memcpy,CWE-120,buffer
subsys/bluetooth/controller/ll_sw/ull_conn.c,memcpy,CWE-120,buffer
subsys/bluetooth/controller/ll_sw/ull_filter.c,memcpy,CWE-120,buffer
subsys/bluetooth/controller/ll_sw/ull_filter.c,memcpy,CWE-120,buffer
subsys/bluetooth/controller/ll_sw/ull_filter.c,memcpy,CWE-120,buffer
subsys/bluetooth/controller/ll_sw/ull_filter.c,memcpy,CWE-120,buffer
subsys/bluetooth/controller/ll_sw/ull_filter.c,memcpy,CWE-120,buffer
subsys/bluetooth/controller/ll_sw/ull_filter.c,memcpy,CWE-120,buffer
subsys/bluetooth/controller/ll_sw/ull_filter.c,memcpy,CWE-120,buffer
subsys/bluetooth/controller/ll_sw/ull_filter.c,memcpy,CWE-120,buffer
subsys/bluetooth/controller/ll_sw/ull_filter.c,memcpy,CWE-120,buffer
subsys/bluetooth/controller/ll_sw/ull_master.c,memcpy,CWE-120,buffer
subsys/bluetooth/controller/ll_sw/ull_master.c,memcpy,CWE-120,buffer
subsys/bluetooth/controller/ll_sw/ull_master.c,memcpy,CWE-120,buffer
subsys/bluetooth/controller/ll_sw/ull_master.c,memcpy,CWE-120,buffer
subsys/bluetooth/controller/ll_sw/ull_master.c,memcpy,CWE-120,buffer
subsys/bluetooth/controller/ll_sw/ull_master.c,memcpy,CWE-120,buffer
subsys/bluetooth/controller/ll_sw/ull_master.c,memcpy,CWE-120,buffer
subsys/bluetooth/controller/ll_sw/ull_master.c,memcpy,CWE-120,buffer
subsys/bluetooth/controller/ll_sw/ull_slave.c,memcpy,CWE-120,buffer
subsys/bluetooth/controller/ll_sw/ull_slave.c,memcpy,CWE-120,buffer
subsys/bluetooth/controller/ll_sw/ull_slave.c,memcpy,CWE-120,buffer
subsys/bluetooth/controller/ll_sw/ull_slave.c,memcpy,CWE-120,buffer
subsys/bluetooth/controller/ll_sw/ull_slave.c,memcpy,CWE-120,buffer
subsys/bluetooth/controller/ll_sw/ull_slave.c,memcpy,CWE-120,buffer
subsys/bluetooth/controller/ll_sw/ull_slave.c,memcpy,CWE-120,buffer
subsys/bluetooth/controller/ll_sw/ull_slave.c,memcpy,CWE-120,buffer
subsys/bluetooth/controller/ll_sw/ull_slave.c,memcpy,CWE-120,buffer
subsys/bluetooth/controller/ll_sw/ull_slave.c,memcpy,CWE-120,buffer
subsys/bluetooth/controller/util/mem.c,memcpy,CWE-120,buffer
subsys/bluetooth/controller/util/mem.c,memcpy,CWE-120,buffer
subsys/bluetooth/host/at.c,strlen,CWE-126,buffer
subsys/bluetooth/host/att.c,memcpy,CWE-120,buffer
subsys/bluetooth/host/att.c,read,"CWE-120, CWE-20",buffer
subsys/bluetooth/host/att.c,read,"CWE-120, CWE-20",buffer
subsys/bluetooth/host/att.c,read,"CWE-120, CWE-20",buffer
subsys/bluetooth/host/att.c,read,"CWE-120, CWE-20",buffer
subsys/bluetooth/host/att.c,read,"CWE-120, CWE-20",buffer
subsys/bluetooth/host/att.c,read,"CWE-120, CWE-20",buffer
subsys/bluetooth/host/att.c,read,"CWE-120, CWE-20",buffer
subsys/bluetooth/host/att.c,read,"CWE-120, CWE-20",buffer
subsys/bluetooth/host/att.c,read,"CWE-120, CWE-20",buffer
subsys/bluetooth/host/att.c,read,"CWE-120, CWE-20",buffer
subsys/bluetooth/host/att.c,read,"CWE-120, CWE-20",buffer
subsys/bluetooth/host/att.c,read,"CWE-120, CWE-20",buffer
subsys/bluetooth/host/att.c,read,"CWE-120, CWE-20",buffer
subsys/bluetooth/host/att.c,read,"CWE-120, CWE-20",buffer
subsys/bluetooth/host/att.c,read,"CWE-120, CWE-20",buffer
subsys/bluetooth/host/att.c,read,"CWE-120, CWE-20",buffer
subsys/bluetooth/host/att.c,read,"CWE-120, CWE-20",buffer
subsys/bluetooth/host/att.c,read,"CWE-120, CWE-20",buffer
subsys/bluetooth/host/att.c,read,"CWE-120, CWE-20",buffer
subsys/bluetooth/host/att.c,read,"CWE-120, CWE-20",buffer
subsys/bluetooth/host/att.c,read,"CWE-120, CWE-20",buffer
subsys/bluetooth/host/att.c,read,"CWE-120, CWE-20",buffer
subsys/bluetooth/host/conn.c,memcpy,CWE-120,buffer
subsys/bluetooth/host/conn.c,strncpy,CWE-120,buffer
subsys/bluetooth/host/conn.c,strlen,CWE-126,buffer
subsys/bluetooth/host/crypto.c,memcpy,CWE-120,buffer
subsys/bluetooth/host/gatt.c,char,CWE-119,buffer
subsys/bluetooth/host/gatt.c,memcpy,CWE-120,buffer
subsys/bluetooth/host/gatt.c,memcpy,CWE-120,buffer
subsys/bluetooth/host/gatt.c,memcpy,CWE-120,buffer
subsys/bluetooth/host/gatt.c,memcpy,CWE-120,buffer
subsys/bluetooth/host/gatt.c,memcpy,CWE-120,buffer
subsys/bluetooth/host/gatt.c,memcpy,CWE-120,buffer
subsys/bluetooth/host/gatt.c,memcpy,CWE-120,buffer
subsys/bluetooth/host/gatt.c,memcpy,CWE-120,buffer
subsys/bluetooth/host/gatt.c,memcpy,CWE-120,buffer
subsys/bluetooth/host/gatt.c,memcpy,CWE-120,buffer
subsys/bluetooth/host/gatt.c,memcpy,CWE-120,buffer
subsys/bluetooth/host/gatt.c,memcpy,CWE-120,buffer
subsys/bluetooth/host/gatt.c,char,CWE-119,buffer
subsys/bluetooth/host/gatt.c,char,CWE-119,buffer
subsys/bluetooth/host/gatt.c,char,CWE-119,buffer
subsys/bluetooth/host/gatt.c,char,CWE-119,buffer
subsys/bluetooth/host/gatt.c,char,CWE-119,buffer
subsys/bluetooth/host/gatt.c,char,CWE-119,buffer
subsys/bluetooth/host/gatt.c,char,CWE-119,buffer
subsys/bluetooth/host/gatt.c,char,CWE-119,buffer
subsys/bluetooth/host/gatt.c,strlen,CWE-126,buffer
subsys/bluetooth/host/gatt.c,read,"CWE-120, CWE-20",buffer
subsys/bluetooth/host/gatt.c,strlen,CWE-126,buffer
subsys/bluetooth/host/hci_core.c,memcpy,CWE-120,buffer
subsys/bluetooth/host/hci_core.c,memcpy,CWE-120,buffer
subsys/bluetooth/host/hci_core.c,memcpy,CWE-120,buffer
subsys/bluetooth/host/hci_core.c,memcpy,CWE-120,buffer
subsys/bluetooth/host/hci_core.c,memcpy,CWE-120,buffer
subsys/bluetooth/host/hci_core.c,memcpy,CWE-120,buffer
subsys/bluetooth/host/hci_core.c,memcpy,CWE-120,buffer
subsys/bluetooth/host/hci_core.c,memcpy,CWE-120,buffer
subsys/bluetooth/host/hci_core.c,memcpy,CWE-120,buffer
subsys/bluetooth/host/hci_core.c,memcpy,CWE-120,buffer
subsys/bluetooth/host/hci_core.c,memcpy,CWE-120,buffer
subsys/bluetooth/host/hci_core.c,memcpy,CWE-120,buffer
subsys/bluetooth/host/hci_core.c,memcpy,CWE-120,buffer
subsys/bluetooth/host/hci_core.c,memcpy,CWE-120,buffer
subsys/bluetooth/host/hci_core.c,memcpy,CWE-120,buffer
subsys/bluetooth/host/hci_core.c,open,CWE-362,misc
subsys/bluetooth/host/hci_core.c,open,CWE-362,misc
subsys/bluetooth/host/hci_core.c,memcpy,CWE-120,buffer
subsys/bluetooth/host/hci_core.c,memcpy,CWE-120,buffer
subsys/bluetooth/host/hci_core.c,memcpy,CWE-120,buffer
subsys/bluetooth/host/hci_core.c,memcpy,CWE-120,buffer
subsys/bluetooth/host/hci_core.c,memcpy,CWE-120,buffer
subsys/bluetooth/host/hci_core.c,memcpy,CWE-120,buffer
subsys/bluetooth/host/hci_core.c,strlen,CWE-126,buffer
subsys/bluetooth/host/hci_core.c,strlen,CWE-126,buffer
subsys/bluetooth/host/hci_core.c,strncpy,CWE-120,buffer
subsys/bluetooth/host/hci_core.c,strlen,CWE-126,buffer
subsys/bluetooth/host/hci_core.c,strncpy,CWE-120,buffer
subsys/bluetooth/host/hci_core.c,strlen,CWE-126,buffer
subsys/bluetooth/host/hci_core.c,strlen,CWE-126,buffer
subsys/bluetooth/host/hci_core.h,char,CWE-119,buffer
subsys/bluetooth/host/hci_raw.c,open,CWE-362,misc
subsys/bluetooth/host/hci_raw.c,open,CWE-362,misc
subsys/bluetooth/host/hfp_hf.c,char,CWE-119,buffer
subsys/bluetooth/host/hfp_hf.c,strlen,CWE-126,buffer
subsys/bluetooth/host/hfp_internal.h,char,CWE-119,buffer
subsys/bluetooth/host/keys.c,char,CWE-119,buffer
subsys/bluetooth/host/keys.c,char,CWE-119,buffer
subsys/bluetooth/host/keys.c,char,CWE-119,buffer
subsys/bluetooth/host/keys.c,char,CWE-119,buffer
subsys/bluetooth/host/keys.c,char,CWE-119,buffer
subsys/bluetooth/host/keys.c,memcpy,CWE-120,buffer
subsys/bluetooth/host/l2cap.c,memcpy,CWE-120,buffer
subsys/bluetooth/host/l2cap.c,memcpy,CWE-120,buffer
subsys/bluetooth/host/l2cap.c,memcpy,CWE-120,buffer
subsys/bluetooth/host/monitor.c,memcpy,CWE-120,buffer
subsys/bluetooth/host/monitor.c,char,CWE-119,buffer
subsys/bluetooth/host/monitor.c,char,CWE-119,buffer
subsys/bluetooth/host/monitor.c,strncpy,CWE-120,buffer
subsys/bluetooth/host/monitor.h,char,CWE-119,buffer
subsys/bluetooth/host/sdp.c,memcpy,CWE-120,buffer
subsys/bluetooth/host/sdp.c,memcpy,CWE-120,buffer
subsys/bluetooth/host/sdp.c,memcpy,CWE-120,buffer
subsys/bluetooth/host/sdp.c,memcpy,CWE-120,buffer
subsys/bluetooth/host/smp.c,memcpy,CWE-120,buffer
subsys/bluetooth/host/smp.c,memcpy,CWE-120,buffer
subsys/bluetooth/host/smp.c,memcpy,CWE-120,buffer
subsys/bluetooth/host/smp.c,memcpy,CWE-120,buffer
subsys/bluetooth/host/smp.c,memcpy,CWE-120,buffer
subsys/bluetooth/host/smp.c,memcpy,CWE-120,buffer
subsys/bluetooth/host/smp.c,memcpy,CWE-120,buffer
subsys/bluetooth/host/smp.c,memcpy,CWE-120,buffer
subsys/bluetooth/host/smp.c,memcpy,CWE-120,buffer
subsys/bluetooth/host/smp.c,memcpy,CWE-120,buffer
subsys/bluetooth/host/smp.c,memcpy,CWE-120,buffer
subsys/bluetooth/host/smp.c,memcpy,CWE-120,buffer
subsys/bluetooth/host/smp.c,memcpy,CWE-120,buffer
subsys/bluetooth/host/smp.c,memcpy,CWE-120,buffer
subsys/bluetooth/host/smp.c,memcpy,CWE-120,buffer
subsys/bluetooth/host/smp.c,memcpy,CWE-120,buffer
subsys/bluetooth/host/smp.c,memcpy,CWE-120,buffer
subsys/bluetooth/host/smp.c,memcpy,CWE-120,buffer
subsys/bluetooth/host/smp.c,memcpy,CWE-120,buffer
subsys/bluetooth/host/smp.c,memcpy,CWE-120,buffer
subsys/bluetooth/host/smp.c,memcpy,CWE-120,buffer
subsys/bluetooth/host/smp.c,memcpy,CWE-120,buffer
subsys/bluetooth/host/smp.c,memcpy,CWE-120,buffer
subsys/bluetooth/host/smp.c,memcpy,CWE-120,buffer
subsys/bluetooth/host/smp.c,memcpy,CWE-120,buffer
subsys/bluetooth/host/smp.c,memcpy,CWE-120,buffer
subsys/bluetooth/host/smp.c,memcpy,CWE-120,buffer
subsys/bluetooth/host/smp.c,memcpy,CWE-120,buffer
subsys/bluetooth/host/smp.c,memcpy,CWE-120,buffer
subsys/bluetooth/host/smp.c,memcpy,CWE-120,buffer
subsys/bluetooth/host/smp.c,memcpy,CWE-120,buffer
subsys/bluetooth/host/smp.c,memcpy,CWE-120,buffer
subsys/bluetooth/host/smp.c,memcpy,CWE-120,buffer
subsys/bluetooth/host/smp.c,memcpy,CWE-120,buffer
subsys/bluetooth/host/smp.c,memcpy,CWE-120,buffer
subsys/bluetooth/host/smp.c,memcpy,CWE-120,buffer
subsys/bluetooth/host/uuid.c,memcpy,CWE-120,buffer
subsys/bluetooth/host/uuid.c,memcpy,CWE-120,buffer
subsys/bluetooth/host/uuid.c,char,CWE-119,buffer
subsys/bluetooth/mesh/beacon.c,memcpy,CWE-120,buffer
subsys/bluetooth/mesh/beacon.c,strlen,CWE-126,buffer
subsys/bluetooth/mesh/cfg_srv.c,memcpy,CWE-120,buffer
subsys/bluetooth/mesh/cfg_srv.c,memcpy,CWE-120,buffer
subsys/bluetooth/mesh/cfg_srv.c,memcpy,CWE-120,buffer
subsys/bluetooth/mesh/cfg_srv.c,memcpy,CWE-120,buffer
subsys/bluetooth/mesh/cfg_srv.c,memcpy,CWE-120,buffer
subsys/bluetooth/mesh/cfg_srv.c,memcpy,CWE-120,buffer
subsys/bluetooth/mesh/cfg_srv.c,memcpy,CWE-120,buffer
subsys/bluetooth/mesh/cfg_srv.c,memcpy,CWE-120,buffer
subsys/bluetooth/mesh/cfg_srv.c,memcpy,CWE-120,buffer
subsys/bluetooth/mesh/crypto.c,char,CWE-119,buffer
subsys/bluetooth/mesh/crypto.c,memcpy,CWE-120,buffer
subsys/bluetooth/mesh/crypto.c,memcpy,CWE-120,buffer
subsys/bluetooth/mesh/crypto.c,memcpy,CWE-120,buffer
subsys/bluetooth/mesh/crypto.c,char,CWE-119,buffer
subsys/bluetooth/mesh/crypto.c,memcpy,CWE-120,buffer
subsys/bluetooth/mesh/crypto.c,memcpy,CWE-120,buffer
subsys/bluetooth/mesh/crypto.c,memcpy,CWE-120,buffer
subsys/bluetooth/mesh/crypto.c,memcpy,CWE-120,buffer
subsys/bluetooth/mesh/crypto.c,memcpy,CWE-120,buffer
subsys/bluetooth/mesh/crypto.c,memcpy,CWE-120,buffer
subsys/bluetooth/mesh/crypto.c,memcpy,CWE-120,buffer
subsys/bluetooth/mesh/crypto.c,memcpy,CWE-120,buffer
subsys/bluetooth/mesh/crypto.c,memcpy,CWE-120,buffer
subsys/bluetooth/mesh/crypto.c,memcpy,CWE-120,buffer
subsys/bluetooth/mesh/crypto.c,memcpy,CWE-120,buffer
subsys/bluetooth/mesh/crypto.c,memcpy,CWE-120,buffer
subsys/bluetooth/mesh/crypto.c,memcpy,CWE-120,buffer
subsys/bluetooth/mesh/crypto.c,memcpy,CWE-120,buffer
subsys/bluetooth/mesh/crypto.c,strlen,CWE-126,buffer
subsys/bluetooth/mesh/crypto.h,char,CWE-119,buffer
subsys/bluetooth/mesh/crypto.h,char,CWE-119,buffer
subsys/bluetooth/mesh/crypto.h,char,CWE-119,buffer
subsys/bluetooth/mesh/crypto.h,memcpy,CWE-120,buffer
subsys/bluetooth/mesh/crypto.h,strlen,CWE-126,buffer
subsys/bluetooth/mesh/health_cli.c,memcpy,CWE-120,buffer
subsys/bluetooth/mesh/main.c,memcpy,CWE-120,buffer
subsys/bluetooth/mesh/main.c,memcpy,CWE-120,buffer
subsys/bluetooth/mesh/net.c,memcpy,CWE-120,buffer
subsys/bluetooth/mesh/net.c,memcpy,CWE-120,buffer
subsys/bluetooth/mesh/net.c,memcpy,CWE-120,buffer
subsys/bluetooth/mesh/prov.c,memcpy,CWE-120,buffer
subsys/bluetooth/mesh/prov.c,memcpy,CWE-120,buffer
subsys/bluetooth/mesh/prov.c,char,CWE-119,buffer
subsys/bluetooth/mesh/prov.c,memcpy,CWE-120,buffer
subsys/bluetooth/mesh/prov.c,memcpy,CWE-120,buffer
subsys/bluetooth/mesh/prov.c,memcpy,CWE-120,buffer
subsys/bluetooth/mesh/prov.c,memcpy,CWE-120,buffer
subsys/bluetooth/mesh/prov.c,memcpy,CWE-120,buffer
subsys/bluetooth/mesh/prov.c,memcpy,CWE-120,buffer
subsys/bluetooth/mesh/prov.c,memcpy,CWE-120,buffer
subsys/bluetooth/mesh/prov.c,strncpy,CWE-120,buffer
subsys/bluetooth/mesh/proxy.c,memcpy,CWE-120,buffer
subsys/bluetooth/mesh/proxy.c,memcpy,CWE-120,buffer
subsys/bluetooth/mesh/proxy.c,memcpy,CWE-120,buffer
subsys/bluetooth/mesh/proxy.c,memcpy,CWE-120,buffer
subsys/bluetooth/mesh/proxy.c,strlen,CWE-126,buffer
subsys/bluetooth/mesh/proxy.c,strlen,CWE-126,buffer
subsys/bluetooth/mesh/settings.c,memcpy,CWE-120,buffer
subsys/bluetooth/mesh/settings.c,memcpy,CWE-120,buffer
subsys/bluetooth/mesh/settings.c,memcpy,CWE-120,buffer
subsys/bluetooth/mesh/settings.c,memcpy,CWE-120,buffer
subsys/bluetooth/mesh/settings.c,memcpy,CWE-120,buffer
subsys/bluetooth/mesh/settings.c,memcpy,CWE-120,buffer
subsys/bluetooth/mesh/settings.c,memcpy,CWE-120,buffer
subsys/bluetooth/mesh/settings.c,char,CWE-119,buffer
subsys/bluetooth/mesh/settings.c,char,CWE-119,buffer
subsys/bluetooth/mesh/settings.c,char,CWE-119,buffer
subsys/bluetooth/mesh/settings.c,char,CWE-119,buffer
subsys/bluetooth/mesh/settings.c,char,CWE-119,buffer
subsys/bluetooth/mesh/settings.c,memcpy,CWE-120,buffer
subsys/bluetooth/mesh/settings.c,memcpy,CWE-120,buffer
subsys/bluetooth/mesh/settings.c,char,CWE-119,buffer
subsys/bluetooth/mesh/settings.c,memcpy,CWE-120,buffer
subsys/bluetooth/mesh/settings.c,memcpy,CWE-120,buffer
subsys/bluetooth/mesh/settings.c,char,CWE-119,buffer
subsys/bluetooth/mesh/settings.c,char,CWE-119,buffer
subsys/bluetooth/mesh/settings.c,char,CWE-119,buffer
subsys/bluetooth/mesh/shell.c,memcpy,CWE-120,buffer
subsys/bluetooth/mesh/shell.c,strlen,CWE-126,buffer
subsys/bluetooth/mesh/shell.c,strlen,CWE-126,buffer
subsys/bluetooth/mesh/shell.c,strlen,CWE-126,buffer
subsys/bluetooth/mesh/shell.c,strlen,CWE-126,buffer
subsys/bluetooth/mesh/shell.c,strlen,CWE-126,buffer
subsys/bluetooth/mesh/shell.c,strlen,CWE-126,buffer
subsys/bluetooth/mesh/shell.c,strlen,CWE-126,buffer
subsys/bluetooth/mesh/shell.c,strlen,CWE-126,buffer
subsys/bluetooth/mesh/shell.c,strlen,CWE-126,buffer
subsys/bluetooth/mesh/transport.c,memcpy,CWE-120,buffer
subsys/bluetooth/services/dis.c,strlen,CWE-126,buffer
subsys/bluetooth/shell/bredr.c,char,CWE-119,buffer
subsys/bluetooth/shell/bredr.c,char,CWE-119,buffer
subsys/bluetooth/shell/bredr.c,memcpy,CWE-120,buffer
subsys/bluetooth/shell/bredr.c,atoi,CWE-190,integer
subsys/bluetooth/shell/bredr.c,char,CWE-119,buffer
subsys/bluetooth/shell/bredr.c,char,CWE-119,buffer
subsys/bluetooth/shell/bredr.c,char,CWE-119,buffer
subsys/bluetooth/shell/bredr.c,strlen,CWE-126,buffer
subsys/bluetooth/shell/bt.c,memcpy,CWE-120,buffer
subsys/bluetooth/shell/bt.c,char,CWE-119,buffer
subsys/bluetooth/shell/bt.c,char,CWE-119,buffer
subsys/bluetooth/shell/bt.c,char,CWE-119,buffer
subsys/bluetooth/shell/bt.c,strcat,CWE-120,buffer
subsys/bluetooth/shell/bt.c,char,CWE-119,buffer
subsys/bluetooth/shell/bt.c,char,CWE-119,buffer
subsys/bluetooth/shell/bt.c,char,CWE-119,buffer
subsys/bluetooth/shell/bt.c,char,CWE-119,buffer
subsys/bluetooth/shell/bt.c,char,CWE-119,buffer
subsys/bluetooth/shell/bt.c,char,CWE-119,buffer
subsys/bluetooth/shell/bt.c,char,CWE-119,buffer
subsys/bluetooth/shell/bt.c,char,CWE-119,buffer
subsys/bluetooth/shell/bt.c,char,CWE-119,buffer
subsys/bluetooth/shell/bt.c,char,CWE-119,buffer
subsys/bluetooth/shell/bt.c,char,CWE-119,buffer
subsys/bluetooth/shell/bt.c,char,CWE-119,buffer
subsys/bluetooth/shell/bt.c,char,CWE-119,buffer
subsys/bluetooth/shell/bt.c,char,CWE-119,buffer
subsys/bluetooth/shell/bt.c,char,CWE-119,buffer
subsys/bluetooth/shell/bt.c,char,CWE-119,buffer
subsys/bluetooth/shell/bt.c,char,CWE-119,buffer
subsys/bluetooth/shell/bt.c,char,CWE-119,buffer
subsys/bluetooth/shell/bt.c,char,CWE-119,buffer
subsys/bluetooth/shell/bt.c,char,CWE-119,buffer
subsys/bluetooth/shell/bt.c,char,CWE-119,buffer
subsys/bluetooth/shell/bt.c,char,CWE-119,buffer
subsys/bluetooth/shell/bt.c,char,CWE-119,buffer
subsys/bluetooth/shell/bt.c,char,CWE-119,buffer
subsys/bluetooth/shell/bt.c,char,CWE-119,buffer
subsys/bluetooth/shell/bt.c,atoi,CWE-190,integer
subsys/bluetooth/shell/bt.c,atoi,CWE-190,integer
subsys/bluetooth/shell/bt.c,strlen,CWE-126,buffer
subsys/bluetooth/shell/bt.c,strlen,CWE-126,buffer
subsys/bluetooth/shell/bt.c,strlen,CWE-126,buffer
subsys/bluetooth/shell/gatt.c,char,CWE-119,buffer
subsys/bluetooth/shell/gatt.c,memcpy,CWE-120,buffer
subsys/bluetooth/shell/gatt.c,memcpy,CWE-120,buffer
subsys/bluetooth/shell/gatt.c,memcpy,CWE-120,buffer
subsys/bluetooth/shell/gatt.c,strlen,CWE-126,buffer
subsys/bluetooth/shell/gatt.c,strlen,CWE-126,buffer
subsys/bluetooth/shell/gatt.c,read,"CWE-120, CWE-20",buffer
subsys/bluetooth/shell/gatt.c,read,"CWE-120, CWE-20",buffer
subsys/bluetooth/shell/gatt.c,read,"CWE-120, CWE-20",buffer
subsys/bluetooth/shell/ll.c,char,CWE-119,buffer
subsys/debug/tracing/ctf/bottoms/posix/ctf_bottom.c,fopen,CWE-362,misc
subsys/debug/tracing/ctf/bottoms/posix/ctf_bottom.h,memcpy,CWE-120,buffer
subsys/debug/tracing/ctf/ctf_middle.h,char,CWE-119,buffer
subsys/debug/tracing/ctf/ctf_top.c,strncpy,CWE-120,buffer
subsys/debug/tracing/include/tracing_sysview.h,char,CWE-119,buffer
subsys/debug/tracing/sysview.c,char,CWE-119,buffer
subsys/dfu/img_util/flash_img.c,memcpy,CWE-120,buffer
subsys/dfu/img_util/flash_img.c,memcpy,CWE-120,buffer
subsys/disk/disk_access_flash.c,memcpy,CWE-120,buffer
subsys/disk/disk_access_ram.c,memcpy,CWE-120,buffer
subsys/disk/disk_access_ram.c,memcpy,CWE-120,buffer
subsys/disk/disk_access.c,strlen,CWE-126,buffer
subsys/disk/disk_access.c,strlen,CWE-126,buffer
subsys/disk/disk_access.c,read,"CWE-120, CWE-20",buffer
subsys/disk/disk_access.c,read,"CWE-120, CWE-20",buffer
subsys/fb/cfb.c,strlen,CWE-126,buffer
subsys/fs/fat_fs.c,strcpy,CWE-120,buffer
subsys/fs/fat_fs.c,strcpy,CWE-120,buffer
subsys/fs/fs.c,open,CWE-362,misc
subsys/fs/fs.c,open,CWE-362,misc
subsys/fs/fs.c,strlen,CWE-126,buffer
subsys/fs/fs.c,strlen,CWE-126,buffer
subsys/fs/fs.c,read,"CWE-120, CWE-20",buffer
subsys/fs/fs.c,read,"CWE-120, CWE-20",buffer
subsys/fs/fs.c,strlen,CWE-126,buffer
subsys/fs/fs.c,strncpy,CWE-120,buffer
subsys/fs/fs.c,strlen,CWE-126,buffer
subsys/fs/fs.c,strlen,CWE-126,buffer
subsys/fs/fs.c,strlen,CWE-126,buffer
subsys/fs/fs.c,strlen,CWE-126,buffer
subsys/fs/fs.c,strlen,CWE-126,buffer
subsys/fs/fs.c,strlen,CWE-126,buffer
subsys/fs/fs.c,strlen,CWE-126,buffer
subsys/fs/fs.c,strlen,CWE-126,buffer
subsys/fs/fs.c,strlen,CWE-126,buffer
subsys/fs/fuse_fs_access.c,sprintf,CWE-120,buffer
subsys/fs/fuse_fs_access.c,sprintf,CWE-120,buffer
subsys/fs/fuse_fs_access.c,sprintf,CWE-120,buffer
subsys/fs/fuse_fs_access.c,system,CWE-78,shell
subsys/fs/fuse_fs_access.c,char,CWE-119,buffer
subsys/fs/fuse_fs_access.c,char,CWE-119,buffer
subsys/fs/fuse_fs_access.c,char,CWE-119,buffer
subsys/fs/fuse_fs_access.c,strlen,CWE-126,buffer
subsys/fs/fuse_fs_access.c,strlen,CWE-126,buffer
subsys/fs/littlefs_fs.c,strncpy,CWE-120,buffer
subsys/fs/nvs/nvs.c,memcpy,CWE-120,buffer
subsys/fs/shell.c,char,CWE-119,buffer
subsys/fs/shell.c,char,CWE-119,buffer
subsys/fs/shell.c,char,CWE-119,buffer
subsys/fs/shell.c,char,CWE-119,buffer
subsys/fs/shell.c,char,CWE-119,buffer
subsys/fs/shell.c,char,CWE-119,buffer
subsys/fs/shell.c,char,CWE-119,buffer
subsys/fs/shell.c,char,CWE-119,buffer
subsys/fs/shell.c,char,CWE-119,buffer
subsys/fs/shell.c,memcpy,CWE-120,buffer
subsys/fs/shell.c,strncpy,CWE-120,buffer
subsys/fs/shell.c,strncpy,CWE-120,buffer
subsys/fs/shell.c,strncpy,CWE-120,buffer
subsys/fs/shell.c,strlen,CWE-126,buffer
subsys/fs/shell.c,strncpy,CWE-120,buffer
subsys/fs/shell.c,strcpy,CWE-120,buffer
subsys/fs/shell.c,strcpy,CWE-120,buffer
subsys/fs/shell.c,strncpy,CWE-120,buffer
subsys/fs/shell.c,strncpy,CWE-120,buffer
subsys/fs/shell.c,read,"CWE-120, CWE-20",buffer
subsys/fs/shell.c,read,"CWE-120, CWE-20",buffer
subsys/fs/shell.c,read,"CWE-120, CWE-20",buffer
subsys/fs/shell.c,read,"CWE-120, CWE-20",buffer
subsys/fs/shell.c,read,"CWE-120, CWE-20",buffer
subsys/fs/shell.c,read,"CWE-120, CWE-20",buffer
subsys/fs/shell.c,strlen,CWE-126,buffer
subsys/fs/shell.c,strlen,CWE-126,buffer
subsys/fs/shell.c,strlen,CWE-126,buffer
subsys/fs/shell.c,read,"CWE-120, CWE-20",buffer
subsys/jwt/jwt.c,memcpy,CWE-120,buffer
subsys/logging/log_backend_native_posix.c,char,CWE-119,buffer
subsys/logging/log_backend_net.c,char,CWE-119,buffer
subsys/logging/log_backend_net.c,memcpy,CWE-120,buffer
subsys/logging/log_backend_rtt.c,memcpy,CWE-120,buffer
subsys/logging/log_cmds.c,strlen,CWE-126,buffer
subsys/logging/log_core.c,char,CWE-119,buffer
subsys/logging/log_core.c,char,CWE-119,buffer
subsys/logging/log_core.c,strlen,CWE-126,buffer
subsys/logging/log_core.c,strncpy,CWE-120,buffer
subsys/logging/log_msg.c,memcpy,CWE-120,buffer
subsys/logging/log_msg.c,memcpy,CWE-120,buffer
subsys/logging/log_msg.c,memcpy,CWE-120,buffer
subsys/logging/log_msg.c,memcpy,CWE-120,buffer
subsys/logging/log_msg.c,memcpy,CWE-120,buffer
subsys/logging/log_msg.c,memcpy,CWE-120,buffer
subsys/logging/log_msg.c,memcpy,CWE-120,buffer
subsys/logging/log_msg.c,memcpy,CWE-120,buffer
subsys/logging/log_msg.c,memcpy,CWE-120,buffer
subsys/logging/log_msg.c,memcpy,CWE-120,buffer
subsys/logging/log_output.c,char,CWE-119,buffer
subsys/logging/log_output.c,char,CWE-119,buffer
subsys/mgmt/buf.c,memcpy,CWE-120,buffer
subsys/mgmt/serial_util.c,memcpy,CWE-120,buffer
subsys/mgmt/serial_util.c,memcpy,CWE-120,buffer
subsys/mgmt/smp_shell.c,strlen,CWE-126,buffer
subsys/mgmt/smp.c,memcpy,CWE-120,buffer
subsys/mgmt/smp.c,memcpy,CWE-120,buffer
subsys/net/buf.c,memcpy,CWE-120,buffer
subsys/net/buf.c,memcpy,CWE-120,buffer
subsys/net/buf.c,memcpy,CWE-120,buffer
subsys/net/buf.c,memcpy,CWE-120,buffer
subsys/net/buf.c,memcpy,CWE-120,buffer
subsys/net/buf.c,memcpy,CWE-120,buffer
subsys/net/buf.c,memcpy,CWE-120,buffer
subsys/net/buf.c,memcpy,CWE-120,buffer
subsys/net/buf.c,memcpy,CWE-120,buffer
subsys/net/hostname.c,char,CWE-119,buffer
subsys/net/hostname.c,memcpy,CWE-120,buffer
subsys/net/ip/connection.c,char,CWE-119,buffer
subsys/net/ip/connection.c,char,CWE-119,buffer
subsys/net/ip/connection.c,memcpy,CWE-120,buffer
subsys/net/ip/connection.c,memcpy,CWE-120,buffer
subsys/net/ip/connection.c,memcpy,CWE-120,buffer
subsys/net/ip/connection.c,memcpy,CWE-120,buffer
subsys/net/ip/connection.c,memcpy,CWE-120,buffer
subsys/net/ip/dhcpv4.c,memcpy,CWE-120,buffer
subsys/net/ip/dhcpv4.c,memcpy,CWE-120,buffer
subsys/net/ip/dhcpv4.c,memcpy,CWE-120,buffer
subsys/net/ip/ipv6_nbr.c,char,CWE-119,buffer
subsys/net/ip/ipv6_nbr.c,char,CWE-119,buffer
subsys/net/ip/ipv6_nbr.c,memcpy,CWE-120,buffer
subsys/net/ip/net_context.c,memcpy,CWE-120,buffer
subsys/net/ip/net_context.c,memcpy,CWE-120,buffer
subsys/net/ip/net_context.c,memcpy,CWE-120,buffer
subsys/net/ip/net_context.c,memcpy,CWE-120,buffer
subsys/net/ip/net_context.c,memcpy,CWE-120,buffer
subsys/net/ip/net_if.c,memcpy,CWE-120,buffer
subsys/net/ip/net_if.c,memcpy,CWE-120,buffer
subsys/net/ip/net_if.c,memcpy,CWE-120,buffer
subsys/net/ip/net_mgmt.c,memcpy,CWE-120,buffer
subsys/net/ip/net_pkt.c,access,CWE-367,race
subsys/net/ip/net_pkt.c,access,CWE-367,race
subsys/net/ip/net_pkt.c,memcpy,CWE-120,buffer
subsys/net/ip/net_pkt.c,memcpy,CWE-120,buffer
subsys/net/ip/net_pkt.c,memcpy,CWE-120,buffer
subsys/net/ip/net_private.h,char,CWE-119,buffer
subsys/net/ip/net_private.h,char,CWE-119,buffer
subsys/net/ip/net_shell.c,char,CWE-119,buffer
subsys/net/ip/net_shell.c,char,CWE-119,buffer
subsys/net/ip/net_shell.c,char,CWE-119,buffer
subsys/net/ip/net_shell.c,char,CWE-119,buffer
subsys/net/ip/net_shell.c,char,CWE-119,buffer
subsys/net/ip/net_shell.c,char,CWE-119,buffer
subsys/net/ip/net_shell.c,char,CWE-119,buffer
subsys/net/ip/net_shell.c,memcpy,CWE-120,buffer
subsys/net/ip/net_shell.c,memcpy,CWE-120,buffer
subsys/net/ip/net_shell.c,char,CWE-119,buffer
subsys/net/ip/net_shell.c,char,CWE-119,buffer
subsys/net/ip/net_shell.c,char,CWE-119,buffer
subsys/net/ip/net_shell.c,strncpy,CWE-120,buffer
subsys/net/ip/net_shell.c,strlen,CWE-126,buffer
subsys/net/ip/net_shell.c,strlen,CWE-126,buffer
subsys/net/ip/net_stats.c,memcpy,CWE-120,buffer
subsys/net/ip/tcp.c,memcpy,CWE-120,buffer
subsys/net/ip/tcp.c,memcpy,CWE-120,buffer
subsys/net/ip/udp.c,memcpy,CWE-120,buffer
subsys/net/ip/utils.c,char,CWE-119,buffer
subsys/net/ip/utils.c,char,CWE-119,buffer
subsys/net/ip/utils.c,char,CWE-119,buffer
subsys/net/ip/utils.c,char,CWE-119,buffer
subsys/net/ip/utils.c,char,CWE-119,buffer
subsys/net/ip/utils.c,memcpy,CWE-120,buffer
subsys/net/ip/utils.c,memcpy,CWE-120,buffer
subsys/net/ip/utils.c,memcpy,CWE-120,buffer
subsys/net/ip/utils.c,char,CWE-119,buffer
subsys/net/ip/utils.c,memcpy,CWE-120,buffer
subsys/net/ip/utils.c,memcpy,CWE-120,buffer
subsys/net/ip/utils.c,strlen,CWE-126,buffer
subsys/net/ip/utils.c,strlen,CWE-126,buffer
subsys/net/ip/utils.c,strlen,CWE-126,buffer
subsys/net/l2/bluetooth/bluetooth_shell.c,strlen,CWE-126,buffer
subsys/net/l2/bluetooth/bluetooth_shell.c,strlen,CWE-126,buffer
subsys/net/l2/bluetooth/bluetooth.c,char,CWE-119,buffer
subsys/net/l2/bluetooth/bluetooth.c,char,CWE-119,buffer
subsys/net/l2/bluetooth/bluetooth.c,char,CWE-119,buffer
subsys/net/l2/bluetooth/bluetooth.c,char,CWE-119,buffer
subsys/net/l2/bluetooth/bluetooth.c,char,CWE-119,buffer
subsys/net/l2/canbus/6locan.c,memcpy,CWE-120,buffer
subsys/net/l2/canbus/6locan.c,memcpy,CWE-120,buffer
subsys/net/l2/canbus/6locan.c,memcpy,CWE-120,buffer
subsys/net/l2/canbus/6locan.c,memcpy,CWE-120,buffer
subsys/net/l2/canbus/6locan.c,memcpy,CWE-120,buffer
subsys/net/l2/canbus/6locan.c,memcpy,CWE-120,buffer
subsys/net/l2/ethernet/arp.c,memcpy,CWE-120,buffer
subsys/net/l2/ethernet/arp.c,memcpy,CWE-120,buffer
subsys/net/l2/ethernet/arp.c,memcpy,CWE-120,buffer
subsys/net/l2/ethernet/arp.c,memcpy,CWE-120,buffer
subsys/net/l2/ethernet/arp.c,memcpy,CWE-120,buffer
subsys/net/l2/ethernet/arp.c,memcpy,CWE-120,buffer
subsys/net/l2/ethernet/ethernet_mgmt.c,memcpy,CWE-120,buffer
subsys/net/l2/ethernet/ethernet_mgmt.c,memcpy,CWE-120,buffer
subsys/net/l2/ethernet/ethernet_stats.c,memcpy,CWE-120,buffer
subsys/net/l2/ethernet/ethernet.c,memcpy,CWE-120,buffer
subsys/net/l2/ethernet/ethernet.c,char,CWE-119,buffer
subsys/net/l2/ethernet/ethernet.c,char,CWE-119,buffer
subsys/net/l2/ethernet/ethernet.c,memcpy,CWE-120,buffer
subsys/net/l2/ethernet/ethernet.c,memcpy,CWE-120,buffer
subsys/net/l2/ethernet/ethernet.c,memcpy,CWE-120,buffer
subsys/net/l2/ethernet/ethernet.c,memcpy,CWE-120,buffer
subsys/net/l2/ethernet/ethernet.c,memcpy,CWE-120,buffer
subsys/net/l2/ethernet/ethernet.c,memcpy,CWE-120,buffer
subsys/net/l2/ethernet/gptp/gptp_md.c,memcpy,CWE-120,buffer
subsys/net/l2/ethernet/gptp/gptp_md.c,memcpy,CWE-120,buffer
subsys/net/l2/ethernet/gptp/gptp_md.c,memcpy,CWE-120,buffer
subsys/net/l2/ethernet/gptp/gptp_messages.c,char,CWE-119,buffer
subsys/net/l2/ethernet/gptp/gptp_messages.c,memcpy,CWE-120,buffer
subsys/net/l2/ethernet/gptp/gptp_messages.c,memcpy,CWE-120,buffer
subsys/net/l2/ethernet/gptp/gptp_messages.c,memcpy,CWE-120,buffer
subsys/net/l2/ethernet/gptp/gptp_messages.c,memcpy,CWE-120,buffer
subsys/net/l2/ethernet/gptp/gptp_messages.c,memcpy,CWE-120,buffer
subsys/net/l2/ethernet/gptp/gptp_messages.c,memcpy,CWE-120,buffer
subsys/net/l2/ethernet/gptp/gptp_messages.c,memcpy,CWE-120,buffer
subsys/net/l2/ethernet/gptp/gptp_messages.c,memcpy,CWE-120,buffer
subsys/net/l2/ethernet/gptp/gptp_messages.c,memcpy,CWE-120,buffer
subsys/net/l2/ethernet/gptp/gptp_mi.c,memcpy,CWE-120,buffer
subsys/net/l2/ethernet/gptp/gptp_mi.c,memcpy,CWE-120,buffer
subsys/net/l2/ethernet/gptp/gptp_mi.c,memcpy,CWE-120,buffer
subsys/net/l2/ethernet/gptp/gptp_mi.c,memcpy,CWE-120,buffer
subsys/net/l2/ethernet/gptp/gptp_mi.c,memcpy,CWE-120,buffer
subsys/net/l2/ethernet/gptp/gptp_mi.c,memcpy,CWE-120,buffer
subsys/net/l2/ethernet/gptp/gptp_mi.c,memcpy,CWE-120,buffer
subsys/net/l2/ethernet/gptp/gptp_mi.c,memcpy,CWE-120,buffer
subsys/net/l2/ethernet/gptp/gptp_mi.c,memcpy,CWE-120,buffer
subsys/net/l2/ethernet/gptp/gptp_mi.c,memcpy,CWE-120,buffer
subsys/net/l2/ethernet/gptp/gptp_mi.c,memcpy,CWE-120,buffer
subsys/net/l2/ethernet/gptp/gptp_mi.c,memcpy,CWE-120,buffer
subsys/net/l2/ethernet/gptp/gptp_mi.c,memcpy,CWE-120,buffer
subsys/net/l2/ethernet/gptp/gptp_mi.c,memcpy,CWE-120,buffer
subsys/net/l2/ethernet/gptp/gptp_mi.c,memcpy,CWE-120,buffer
subsys/net/l2/ethernet/gptp/gptp_mi.c,memcpy,CWE-120,buffer
subsys/net/l2/ethernet/gptp/gptp_mi.c,memcpy,CWE-120,buffer
subsys/net/l2/ethernet/gptp/gptp_mi.c,memcpy,CWE-120,buffer
subsys/net/l2/ethernet/gptp/gptp_mi.c,memcpy,CWE-120,buffer
subsys/net/l2/ethernet/gptp/gptp_mi.c,memcpy,CWE-120,buffer
subsys/net/l2/ethernet/gptp/gptp_mi.c,memcpy,CWE-120,buffer
subsys/net/l2/ethernet/gptp/gptp_mi.c,memcpy,CWE-120,buffer
subsys/net/l2/ethernet/gptp/gptp_mi.c,memcpy,CWE-120,buffer
subsys/net/l2/ethernet/gptp/gptp_mi.c,memcpy,CWE-120,buffer
subsys/net/l2/ethernet/gptp/gptp_mi.c,memcpy,CWE-120,buffer
subsys/net/l2/ethernet/gptp/gptp_mi.c,memcpy,CWE-120,buffer
subsys/net/l2/ethernet/gptp/gptp_mi.c,memcpy,CWE-120,buffer
subsys/net/l2/ethernet/gptp/gptp_mi.c,memcpy,CWE-120,buffer
subsys/net/l2/ethernet/gptp/gptp_mi.c,memcpy,CWE-120,buffer
subsys/net/l2/ethernet/gptp/gptp_mi.c,memcpy,CWE-120,buffer
subsys/net/l2/ethernet/gptp/gptp_mi.c,memcpy,CWE-120,buffer
subsys/net/l2/ethernet/gptp/gptp_mi.c,memcpy,CWE-120,buffer
subsys/net/l2/ethernet/gptp/gptp_mi.c,memcpy,CWE-120,buffer
subsys/net/l2/ethernet/gptp/gptp_mi.c,memcpy,CWE-120,buffer
subsys/net/l2/ethernet/gptp/gptp_user_api.c,memcpy,CWE-120,buffer
subsys/net/l2/ethernet/gptp/gptp.c,memcpy,CWE-120,buffer
subsys/net/l2/ethernet/gptp/gptp.c,memcpy,CWE-120,buffer
subsys/net/l2/ethernet/gptp/gptp.c,memcpy,CWE-120,buffer
subsys/net/l2/ieee802154/ieee802154_fragment.c,memcpy,CWE-120,buffer
subsys/net/l2/ieee802154/ieee802154_frame.c,memcpy,CWE-120,buffer
subsys/net/l2/ieee802154/ieee802154_mgmt.c,memcpy,CWE-120,buffer
subsys/net/l2/ieee802154/ieee802154_mgmt.c,memcpy,CWE-120,buffer
subsys/net/l2/ieee802154/ieee802154_mgmt.c,memcpy,CWE-120,buffer
subsys/net/l2/ieee802154/ieee802154_mgmt.c,memcpy,CWE-120,buffer
subsys/net/l2/ieee802154/ieee802154_security.c,memcpy,CWE-120,buffer
subsys/net/l2/ieee802154/ieee802154_security.c,memcpy,CWE-120,buffer
subsys/net/l2/ieee802154/ieee802154_security.c,memcpy,CWE-120,buffer
subsys/net/l2/ieee802154/ieee802154_shell.c,char,CWE-119,buffer
subsys/net/l2/ieee802154/ieee802154_shell.c,atoi,CWE-190,integer
subsys/net/l2/ieee802154/ieee802154_shell.c,atoi,CWE-190,integer
subsys/net/l2/ieee802154/ieee802154_shell.c,atoi,CWE-190,integer
subsys/net/l2/ieee802154/ieee802154_shell.c,char,CWE-119,buffer
subsys/net/l2/ieee802154/ieee802154_shell.c,atoi,CWE-190,integer
subsys/net/l2/ieee802154/ieee802154_shell.c,atoi,CWE-190,integer
subsys/net/l2/ieee802154/ieee802154_shell.c,atoi,CWE-190,integer
subsys/net/l2/ieee802154/ieee802154_shell.c,char,CWE-119,buffer
subsys/net/l2/ieee802154/ieee802154_shell.c,atoi,CWE-190,integer
subsys/net/l2/ieee802154/ieee802154_shell.c,atoi,CWE-190,integer
subsys/net/l2/ieee802154/ieee802154_shell.c,strncpy,CWE-120,buffer
subsys/net/l2/ieee802154/ieee802154_shell.c,strlen,CWE-126,buffer
subsys/net/l2/ieee802154/ieee802154_shell.c,strlen,CWE-126,buffer
subsys/net/l2/ieee802154/ieee802154.c,memcpy,CWE-120,buffer
subsys/net/l2/ieee802154/ieee802154.c,memcpy,CWE-120,buffer
subsys/net/l2/openthread/openthread_utils.c,char,CWE-119,buffer
subsys/net/l2/openthread/openthread_utils.c,char,CWE-119,buffer
subsys/net/l2/openthread/openthread_utils.c,char,CWE-119,buffer
subsys/net/l2/openthread/openthread_utils.c,char,CWE-119,buffer
subsys/net/l2/openthread/openthread_utils.c,char,CWE-119,buffer
subsys/net/l2/openthread/openthread_utils.c,char,CWE-119,buffer
subsys/net/l2/openthread/openthread.c,memcpy,CWE-120,buffer
subsys/net/l2/ppp/fsm.c,strlen,CWE-126,buffer
subsys/net/l2/ppp/fsm.c,strlen,CWE-126,buffer
subsys/net/l2/ppp/fsm.c,strlen,CWE-126,buffer
subsys/net/l2/ppp/fsm.c,strncpy,CWE-120,buffer
subsys/net/l2/ppp/ipcp.c,memcpy,CWE-120,buffer
subsys/net/l2/ppp/ipcp.c,memcpy,CWE-120,buffer
subsys/net/l2/ppp/ipcp.c,char,CWE-119,buffer
subsys/net/l2/ppp/ipcp.c,char,CWE-119,buffer
subsys/net/l2/ppp/ipv6cp.c,memcpy,CWE-120,buffer
subsys/net/l2/ppp/ipv6cp.c,memcpy,CWE-120,buffer
subsys/net/l2/ppp/ipv6cp.c,memcpy,CWE-120,buffer
subsys/net/l2/ppp/ipv6cp.c,memcpy,CWE-120,buffer
subsys/net/l2/ppp/ipv6cp.c,memcpy,CWE-120,buffer
subsys/net/l2/ppp/ipv6cp.c,memcpy,CWE-120,buffer
subsys/net/l2/ppp/ipv6cp.c,char,CWE-119,buffer
subsys/net/l2/ppp/ipv6cp.c,char,CWE-119,buffer
subsys/net/l2/ppp/link.c,open,CWE-362,misc
subsys/net/l2/ppp/link.c,open,CWE-362,misc
subsys/net/l2/ppp/link.c,open,CWE-362,misc
subsys/net/l2/ppp/link.c,open,CWE-362,misc
subsys/net/l2/ppp/ppp_internal.h,open,CWE-362,misc
subsys/net/l2/ppp/ppp_l2.c,open,CWE-362,misc
subsys/net/l2/ppp/ppp_stats.c,memcpy,CWE-120,buffer
subsys/net/l2/wifi/wifi_shell.c,strlen,CWE-126,buffer
subsys/net/l2/wifi/wifi_shell.c,strlen,CWE-126,buffer
subsys/net/lib/coap/coap_link_format.c,memcpy,CWE-120,buffer
subsys/net/lib/coap/coap_link_format.c,strlen,CWE-126,buffer
subsys/net/lib/coap/coap_link_format.c,strlen,CWE-126,buffer
subsys/net/lib/coap/coap_link_format.c,strlen,CWE-126,buffer
subsys/net/lib/coap/coap_link_format.c,strlen,CWE-126,buffer
subsys/net/lib/coap/coap_link_format.c,strlen,CWE-126,buffer
subsys/net/lib/coap/coap_link_format.c,strlen,CWE-126,buffer
subsys/net/lib/coap/coap_link_format.c,strlen,CWE-126,buffer
subsys/net/lib/coap/coap_link_format.c,strlen,CWE-126,buffer
subsys/net/lib/coap/coap_link_format.c,strlen,CWE-126,buffer
subsys/net/lib/coap/coap.c,memcpy,CWE-120,buffer
subsys/net/lib/coap/coap.c,memcpy,CWE-120,buffer
subsys/net/lib/coap/coap.c,memcpy,CWE-120,buffer
subsys/net/lib/coap/coap.c,memcpy,CWE-120,buffer
subsys/net/lib/coap/coap.c,memcpy,CWE-120,buffer
subsys/net/lib/coap/coap.c,read,"CWE-120, CWE-20",buffer
subsys/net/lib/coap/coap.c,read,"CWE-120, CWE-20",buffer
subsys/net/lib/coap/coap.c,strlen,CWE-126,buffer
subsys/net/lib/config/init.c,char,CWE-119,buffer
subsys/net/lib/config/init.c,char,CWE-119,buffer
subsys/net/lib/config/init.c,char,CWE-119,buffer
subsys/net/lib/dns/dns_pack.c,memcpy,CWE-120,buffer
subsys/net/lib/dns/dns_pack.c,memcpy,CWE-120,buffer
subsys/net/lib/dns/dns_pack.c,strlen,CWE-126,buffer
subsys/net/lib/dns/llmnr_responder.c,memcpy,CWE-120,buffer
subsys/net/lib/dns/llmnr_responder.c,memcpy,CWE-120,buffer
subsys/net/lib/dns/llmnr_responder.c,strlen,CWE-126,buffer
subsys/net/lib/dns/llmnr_responder.c,strlen,CWE-126,buffer
subsys/net/lib/dns/mdns_responder.c,memcpy,CWE-120,buffer
subsys/net/lib/dns/mdns_responder.c,strlen,CWE-126,buffer
subsys/net/lib/dns/mdns_responder.c,strlen,CWE-126,buffer
subsys/net/lib/dns/resolve.c,memcpy,CWE-120,buffer
subsys/net/lib/dns/resolve.c,memcpy,CWE-120,buffer
subsys/net/lib/dns/resolve.c,memcpy,CWE-120,buffer
subsys/net/lib/dns/resolve.c,char,CWE-119,buffer
subsys/net/lib/dns/resolve.c,strlen,CWE-126,buffer
subsys/net/lib/dns/resolve.c,strlen,CWE-126,buffer
subsys/net/lib/http/http_parser.c,char,CWE-119,buffer
subsys/net/lib/lwm2m/buf_util.h,memcpy,CWE-120,buffer
subsys/net/lib/lwm2m/buf_util.h,memcpy,CWE-120,buffer
subsys/net/lib/lwm2m/buf_util.h,memcpy,CWE-120,buffer
subsys/net/lib/lwm2m/ipso_buzzer.c,char,CWE-119,buffer
subsys/net/lib/lwm2m/ipso_buzzer.c,char,CWE-119,buffer
subsys/net/lib/lwm2m/ipso_light_control.c,char,CWE-119,buffer
subsys/net/lib/lwm2m/ipso_light_control.c,char,CWE-119,buffer
subsys/net/lib/lwm2m/ipso_temp_sensor.c,char,CWE-119,buffer
subsys/net/lib/lwm2m/ipso_timer.c,char,CWE-119,buffer
subsys/net/lib/lwm2m/ipso_timer.c,char,CWE-119,buffer
subsys/net/lib/lwm2m/lwm2m_engine.c,char,CWE-119,buffer
subsys/net/lib/lwm2m/lwm2m_engine.c,strcpy,CWE-120,buffer
subsys/net/lib/lwm2m/lwm2m_engine.c,char,CWE-119,buffer
subsys/net/lib/lwm2m/lwm2m_engine.c,strcpy,CWE-120,buffer
subsys/net/lib/lwm2m/lwm2m_engine.c,strcpy,CWE-120,buffer
subsys/net/lib/lwm2m/lwm2m_engine.c,memcpy,CWE-120,buffer
subsys/net/lib/lwm2m/lwm2m_engine.c,memcpy,CWE-120,buffer
subsys/net/lib/lwm2m/lwm2m_engine.c,memcpy,CWE-120,buffer
subsys/net/lib/lwm2m/lwm2m_engine.c,memcpy,CWE-120,buffer
subsys/net/lib/lwm2m/lwm2m_engine.c,char,CWE-119,buffer
subsys/net/lib/lwm2m/lwm2m_engine.c,memcpy,CWE-120,buffer
subsys/net/lib/lwm2m/lwm2m_engine.c,memcpy,CWE-120,buffer
subsys/net/lib/lwm2m/lwm2m_engine.c,memcpy,CWE-120,buffer
subsys/net/lib/lwm2m/lwm2m_engine.c,memcpy,CWE-120,buffer
subsys/net/lib/lwm2m/lwm2m_engine.c,memcpy,CWE-120,buffer
subsys/net/lib/lwm2m/lwm2m_engine.c,memcpy,CWE-120,buffer
subsys/net/lib/lwm2m/lwm2m_engine.c,char,CWE-119,buffer
subsys/net/lib/lwm2m/lwm2m_engine.c,memcpy,CWE-120,buffer
subsys/net/lib/lwm2m/lwm2m_engine.c,memcpy,CWE-120,buffer
subsys/net/lib/lwm2m/lwm2m_engine.c,memcpy,CWE-120,buffer
subsys/net/lib/lwm2m/lwm2m_engine.c,memcpy,CWE-120,buffer
subsys/net/lib/lwm2m/lwm2m_engine.c,memcpy,CWE-120,buffer
subsys/net/lib/lwm2m/lwm2m_engine.c,char,CWE-119,buffer
subsys/net/lib/lwm2m/lwm2m_engine.c,memcpy,CWE-120,buffer
subsys/net/lib/lwm2m/lwm2m_engine.c,char,CWE-119,buffer
subsys/net/lib/lwm2m/lwm2m_engine.c,memcpy,CWE-120,buffer
subsys/net/lib/lwm2m/lwm2m_engine.c,char,CWE-119,buffer
subsys/net/lib/lwm2m/lwm2m_engine.c,strncpy,CWE-120,buffer
subsys/net/lib/lwm2m/lwm2m_engine.c,strlen,CWE-126,buffer
subsys/net/lib/lwm2m/lwm2m_engine.c,strlen,CWE-126,buffer
subsys/net/lib/lwm2m/lwm2m_engine.c,strncpy,CWE-120,buffer
subsys/net/lib/lwm2m/lwm2m_engine.c,strlen,CWE-126,buffer
subsys/net/lib/lwm2m/lwm2m_engine.c,strlen,CWE-126,buffer
subsys/net/lib/lwm2m/lwm2m_engine.c,strlen,CWE-126,buffer
subsys/net/lib/lwm2m/lwm2m_engine.c,strlen,CWE-126,buffer
subsys/net/lib/lwm2m/lwm2m_engine.c,strlen,CWE-126,buffer
subsys/net/lib/lwm2m/lwm2m_engine.c,strlen,CWE-126,buffer
subsys/net/lib/lwm2m/lwm2m_engine.c,strlen,CWE-126,buffer
subsys/net/lib/lwm2m/lwm2m_engine.c,strlen,CWE-126,buffer
subsys/net/lib/lwm2m/lwm2m_engine.c,strlen,CWE-126,buffer
subsys/net/lib/lwm2m/lwm2m_obj_device.c,strcpy,CWE-120,buffer
subsys/net/lib/lwm2m/lwm2m_obj_firmware_pull.c,strcpy,CWE-120,buffer
subsys/net/lib/lwm2m/lwm2m_obj_firmware_pull.c,char,CWE-119,buffer
subsys/net/lib/lwm2m/lwm2m_obj_firmware_pull.c,char,CWE-119,buffer
subsys/net/lib/lwm2m/lwm2m_obj_firmware_pull.c,memcpy,CWE-120,buffer
subsys/net/lib/lwm2m/lwm2m_obj_firmware_pull.c,strlen,CWE-126,buffer
subsys/net/lib/lwm2m/lwm2m_obj_firmware_pull.c,strlen,CWE-126,buffer
subsys/net/lib/lwm2m/lwm2m_obj_firmware_pull.c,strlen,CWE-126,buffer
subsys/net/lib/lwm2m/lwm2m_obj_firmware_pull.c,strlen,CWE-126,buffer
subsys/net/lib/lwm2m/lwm2m_obj_firmware_pull.c,strncpy,CWE-120,buffer
subsys/net/lib/lwm2m/lwm2m_obj_firmware.c,char,CWE-119,buffer
subsys/net/lib/lwm2m/lwm2m_obj_security.c,char,CWE-119,buffer
subsys/net/lib/lwm2m/lwm2m_obj_server.c,char,CWE-119,buffer
subsys/net/lib/lwm2m/lwm2m_obj_server.c,strcpy,CWE-120,buffer
subsys/net/lib/lwm2m/lwm2m_rd_client.c,char,CWE-119,buffer
subsys/net/lib/lwm2m/lwm2m_rd_client.c,char,CWE-119,buffer
subsys/net/lib/lwm2m/lwm2m_rd_client.c,char,CWE-119,buffer
subsys/net/lib/lwm2m/lwm2m_rd_client.c,memcpy,CWE-120,buffer
subsys/net/lib/lwm2m/lwm2m_rd_client.c,char,CWE-119,buffer
subsys/net/lib/lwm2m/lwm2m_rd_client.c,strlen,CWE-126,buffer
subsys/net/lib/lwm2m/lwm2m_rd_client.c,strlen,CWE-126,buffer
subsys/net/lib/lwm2m/lwm2m_rd_client.c,strlen,CWE-126,buffer
subsys/net/lib/lwm2m/lwm2m_rd_client.c,strlen,CWE-126,buffer
subsys/net/lib/lwm2m/lwm2m_rd_client.c,strlen,CWE-126,buffer
subsys/net/lib/lwm2m/lwm2m_rd_client.c,strlen,CWE-126,buffer
subsys/net/lib/lwm2m/lwm2m_rd_client.c,strlen,CWE-126,buffer
subsys/net/lib/lwm2m/lwm2m_rd_client.c,strlen,CWE-126,buffer
subsys/net/lib/lwm2m/lwm2m_rd_client.c,strncpy,CWE-120,buffer
subsys/net/lib/lwm2m/lwm2m_rw_json.c,char,CWE-119,buffer
subsys/net/lib/lwm2m/lwm2m_rw_json.c,memcpy,CWE-120,buffer
subsys/net/lib/lwm2m/lwm2m_rw_json.c,strlen,CWE-126,buffer
subsys/net/lib/lwm2m/lwm2m_rw_plain_text.c,char,CWE-119,buffer
subsys/net/lib/lwm2m/lwm2m_rw_plain_text.c,char,CWE-119,buffer
subsys/net/lib/lwm2m/lwm2m_rw_plain_text.c,char,CWE-119,buffer
subsys/net/lib/lwm2m/lwm2m_rw_plain_text.c,strlen,CWE-126,buffer
subsys/net/lib/lwm2m/lwm2m_rw_plain_text.c,strcpy,CWE-120,buffer
subsys/net/lib/lwm2m/lwm2m_rw_plain_text.c,strcpy,CWE-120,buffer
subsys/net/lib/mqtt/mqtt_encoder.c,memcpy,CWE-120,buffer
subsys/net/lib/mqtt/mqtt_encoder.c,memcpy,CWE-120,buffer
subsys/net/lib/mqtt/mqtt_encoder.c,memcpy,CWE-120,buffer
subsys/net/lib/mqtt/mqtt_transport_socket_tls.c,strlen,CWE-126,buffer
subsys/net/lib/mqtt/mqtt_transport.c,read,"CWE-120, CWE-20",buffer
subsys/net/lib/mqtt/mqtt_transport.h,read,"CWE-120, CWE-20",buffer
subsys/net/lib/mqtt/mqtt.c,memcpy,CWE-120,buffer
subsys/net/lib/openthread/platform/logging.c,vsnprintf,CWE-134,format
subsys/net/lib/openthread/platform/logging.c,char,CWE-119,buffer
subsys/net/lib/openthread/platform/random.c,randon,CWE-327,random
subsys/net/lib/openthread/platform/random.c,randon,CWE-327,random
subsys/net/lib/openthread/platform/random.c,randon,CWE-327,random
subsys/net/lib/openthread/platform/random.c,randon,CWE-327,random
subsys/net/lib/openthread/platform/random.c,memcpy,CWE-120,buffer
subsys/net/lib/openthread/platform/random.c,memcpy,CWE-120,buffer
subsys/net/lib/openthread/platform/shell.c,char,CWE-119,buffer
subsys/net/lib/sockets/getaddrinfo.c,memcpy,CWE-120,buffer
subsys/net/lib/sockets/sockets_misc.c,strncpy,CWE-120,buffer
subsys/net/lib/sockets/sockets_net_mgmt.c,memcpy,CWE-120,buffer
subsys/net/lib/sockets/sockets_net_mgmt.c,memcpy,CWE-120,buffer
subsys/net/lib/sockets/sockets_tls.c,memcpy,CWE-120,buffer
subsys/net/lib/sockets/sockets_tls.c,memcpy,CWE-120,buffer
subsys/net/lib/sockets/sockets_tls.c,memcpy,CWE-120,buffer
subsys/net/lib/sockets/sockets_tls.c,memcpy,CWE-120,buffer
subsys/net/lib/sockets/sockets_tls.c,memcpy,CWE-120,buffer
subsys/net/lib/sockets/sockets_tls.c,memcpy,CWE-120,buffer
subsys/net/lib/sockets/sockets.c,memcpy,CWE-120,buffer
subsys/net/lib/sockets/sockets.c,char,CWE-119,buffer
subsys/net/lib/sockets/sockets.c,char,CWE-119,buffer
subsys/net/lib/sockets/sockets.c,memcpy,CWE-120,buffer
subsys/net/lib/sockets/sockets.c,memcpy,CWE-120,buffer
subsys/net/lib/sockets/sockets.c,memcpy,CWE-120,buffer
subsys/net/lib/sockets/sockets.c,memcpy,CWE-120,buffer
subsys/net/lib/tls_credentials/tls_credentials.c,memcpy,CWE-120,buffer
subsys/net/lib/utils/addr_utils.c,char,CWE-119,buffer
subsys/net/lib/utils/addr_utils.c,strncpy,CWE-120,buffer
subsys/power/device.c,char,CWE-119,buffer
subsys/settings/src/settings_fcb.c,char,CWE-119,buffer
subsys/settings/src/settings_fcb.c,char,CWE-119,buffer
subsys/settings/src/settings_fcb.c,char,CWE-119,buffer
subsys/settings/src/settings_file.c,char,CWE-119,buffer
subsys/settings/src/settings_file.c,memcpy,CWE-120,buffer
subsys/settings/src/settings_file.c,memcpy,CWE-120,buffer
subsys/settings/src/settings_file.c,char,CWE-119,buffer
subsys/settings/src/settings_file.c,char,CWE-119,buffer
subsys/settings/src/settings_file.c,char,CWE-119,buffer
subsys/settings/src/settings_file.c,strlen,CWE-126,buffer
subsys/settings/src/settings_file.c,strlen,CWE-126,buffer
subsys/settings/src/settings_file.c,strlen,CWE-126,buffer
subsys/settings/src/settings_line.c,char,CWE-119,buffer
subsys/settings/src/settings_line.c,char,CWE-119,buffer
subsys/settings/src/settings_line.c,memcpy,CWE-120,buffer
subsys/settings/src/settings_line.c,memcpy,CWE-120,buffer
subsys/settings/src/settings_line.c,memcpy,CWE-120,buffer
subsys/settings/src/settings_line.c,memcpy,CWE-120,buffer
subsys/settings/src/settings_line.c,memcpy,CWE-120,buffer
subsys/settings/src/settings_line.c,char,CWE-119,buffer
subsys/settings/src/settings_line.c,memcpy,CWE-120,buffer
subsys/settings/src/settings_line.c,char,CWE-119,buffer
subsys/settings/src/settings_line.c,char,CWE-119,buffer
subsys/settings/src/settings_line.c,memcpy,CWE-120,buffer
subsys/settings/src/settings_line.c,char,CWE-119,buffer
subsys/settings/src/settings_line.c,char,CWE-119,buffer
subsys/settings/src/settings_line.c,strlen,CWE-126,buffer
subsys/settings/src/settings_line.c,strlen,CWE-126,buffer
subsys/settings/src/settings_line.c,strlen,CWE-126,buffer
subsys/settings/src/settings_nvs.c,char,CWE-119,buffer
subsys/settings/src/settings_nvs.c,char,CWE-119,buffer
subsys/settings/src/settings_nvs.c,strlen,CWE-126,buffer
subsys/settings/src/settings_runtime.c,memcpy,CWE-120,buffer
subsys/shell/shell_cmds.c,read,"CWE-120, CWE-20",buffer
subsys/shell/shell_dummy.c,read,"CWE-120, CWE-20",buffer
subsys/shell/shell_dummy.c,read,"CWE-120, CWE-20",buffer
subsys/shell/shell_help.c,strlen,CWE-126,buffer
subsys/shell/shell_help.c,strlen,CWE-126,buffer
subsys/shell/shell_history.c,char,CWE-119,buffer
subsys/shell/shell_history.c,memcpy,CWE-120,buffer
subsys/shell/shell_history.c,memcpy,CWE-120,buffer
subsys/shell/shell_ops.c,memcpy,CWE-120,buffer
subsys/shell/shell_ops.h,memcpy,CWE-120,buffer
subsys/shell/shell_rtt.c,read,"CWE-120, CWE-20",buffer
subsys/shell/shell_rtt.c,read,"CWE-120, CWE-20",buffer
subsys/shell/shell_telnet.c,memcpy,CWE-120,buffer
subsys/shell/shell_telnet.c,strlen,CWE-126,buffer
subsys/shell/shell_telnet.c,read,"CWE-120, CWE-20",buffer
subsys/shell/shell_telnet.c,read,"CWE-120, CWE-20",buffer
subsys/shell/shell_uart.c,read,"CWE-120, CWE-20",buffer
subsys/shell/shell_uart.c,read,"CWE-120, CWE-20",buffer
subsys/shell/shell_utils.c,memcpy,CWE-120,buffer
subsys/shell/shell_utils.h,strlen,CWE-126,buffer
subsys/shell/shell_wildcard.c,memcpy,CWE-120,buffer
subsys/shell/shell_wildcard.c,memcpy,CWE-120,buffer
subsys/shell/shell_wildcard.c,memcpy,CWE-120,buffer
subsys/shell/shell.c,strcpy,CWE-120,buffer
subsys/shell/shell.c,strcpy,CWE-120,buffer
subsys/shell/shell.c,strcpy,CWE-120,buffer
subsys/shell/shell.c,memcpy,CWE-120,buffer
subsys/shell/shell.c,char,CWE-119,buffer
subsys/shell/shell.c,char,CWE-119,buffer
subsys/shell/shell.c,strlen,CWE-126,buffer
subsys/shell/shell.c,read,"CWE-120, CWE-20",buffer
subsys/stats/stats.c,char,CWE-119,buffer
subsys/testsuite/ztest/src/ztest_mock.c,vprintf,CWE-134,format
subsys/testsuite/ztest/src/ztest_mock.c,vprintf,CWE-134,format
subsys/usb/class/mass_storage.c,memcpy,CWE-120,buffer
subsys/usb/class/netusb/function_eem.c,memcpy,CWE-120,buffer
subsys/usb/class/netusb/function_rndis.c,memcpy,CWE-120,buffer
subsys/usb/class/netusb/function_rndis.c,memcpy,CWE-120,buffer
subsys/usb/class/netusb/function_rndis.c,memcpy,CWE-120,buffer
subsys/usb/class/netusb/function_rndis.c,memcpy,CWE-120,buffer
subsys/usb/class/netusb/function_rndis.c,memcpy,CWE-120,buffer
subsys/usb/class/netusb/function_rndis.c,read,"CWE-120, CWE-20",buffer
subsys/usb/class/netusb/function_rndis.c,read,"CWE-120, CWE-20",buffer
subsys/usb/class/netusb/function_rndis.c,read,"CWE-120, CWE-20",buffer
subsys/usb/class/netusb/function_rndis.c,read,"CWE-120, CWE-20",buffer
subsys/usb/class/netusb/function_rndis.c,read,"CWE-120, CWE-20",buffer
subsys/usb/class/usb_dfu.c,memcpy,CWE-120,buffer
subsys/usb/class/usb_dfu.c,memcpy,CWE-120,buffer
subsys/usb/usb_descriptor.c,memcpy,CWE-120,buffer
subsys/usb/usb_descriptor.c,strlen,CWE-126,buffer
subsys/usb/usb_descriptor.c,strlen,CWE-126,buffer
tests/application_development/gen_inc_file/src/main.c,char,CWE-119,buffer
tests/application_development/gen_inc_file/src/main.c,char,CWE-119,buffer
tests/application_development/gen_inc_file/src/main.c,char,CWE-119,buffer
tests/arch/arm/arm_thread_swap/src/arm_thread_arch.c,memcpy,CWE-120,buffer
tests/arch/arm/arm_thread_swap/src/arm_thread_arch.c,memcpy,CWE-120,buffer
tests/benchmarks/app_kernel/src/master.c,char,CWE-119,buffer
tests/benchmarks/app_kernel/src/master.c,char,CWE-119,buffer
tests/benchmarks/app_kernel/src/master.c,char,CWE-119,buffer
tests/benchmarks/app_kernel/src/master.h,snprintf,CWE-134,format
tests/benchmarks/app_kernel/src/master.h,char,CWE-119,buffer
tests/benchmarks/app_kernel/src/master.h,char,CWE-119,buffer
tests/benchmarks/app_kernel/src/receiver.c,char,CWE-119,buffer
tests/benchmarks/app_kernel/src/receiver.h,char,CWE-119,buffer
tests/benchmarks/latency_measure/src/utils.c,char,CWE-119,buffer
tests/benchmarks/latency_measure/src/utils.h,printf,CWE-134,format
tests/benchmarks/latency_measure/src/utils.h,snprintf,CWE-134,format
tests/benchmarks/mbedtls/src/benchmark.c,printf,CWE-134,format
tests/benchmarks/mbedtls/src/benchmark.c,snprintf,CWE-134,format
tests/benchmarks/mbedtls/src/benchmark.c,char,CWE-119,buffer
tests/benchmarks/mbedtls/src/benchmark.c,memcpy,CWE-120,buffer
tests/benchmarks/mbedtls/src/benchmark.c,char,CWE-119,buffer
tests/benchmarks/mbedtls/src/benchmark.c,char,CWE-119,buffer
tests/benchmarks/mbedtls/src/benchmark.c,char,CWE-119,buffer
tests/benchmarks/mbedtls/src/benchmark.c,char,CWE-119,buffer
tests/benchmarks/mbedtls/src/benchmark.c,char,CWE-119,buffer
tests/benchmarks/mbedtls/src/benchmark.c,strlen,CWE-126,buffer
tests/benchmarks/sys_kernel/src/lifo.c,fprintf,CWE-134,format
tests/benchmarks/sys_kernel/src/lifo.c,fprintf,CWE-134,format
tests/benchmarks/sys_kernel/src/lifo.c,printf,CWE-134,format
tests/benchmarks/sys_kernel/src/lifo.c,fprintf,CWE-134,format
tests/benchmarks/sys_kernel/src/lifo.c,fprintf,CWE-134,format
tests/benchmarks/sys_kernel/src/lifo.c,printf,CWE-134,format
tests/benchmarks/sys_kernel/src/lifo.c,fprintf,CWE-134,format
tests/benchmarks/sys_kernel/src/lifo.c,fprintf,CWE-134,format
tests/benchmarks/sys_kernel/src/lifo.c,printf,CWE-134,format
tests/benchmarks/sys_kernel/src/mwfifo.c,fprintf,CWE-134,format
tests/benchmarks/sys_kernel/src/mwfifo.c,fprintf,CWE-134,format
tests/benchmarks/sys_kernel/src/mwfifo.c,printf,CWE-134,format
tests/benchmarks/sys_kernel/src/mwfifo.c,fprintf,CWE-134,format
tests/benchmarks/sys_kernel/src/mwfifo.c,fprintf,CWE-134,format
tests/benchmarks/sys_kernel/src/mwfifo.c,printf,CWE-134,format
tests/benchmarks/sys_kernel/src/mwfifo.c,fprintf,CWE-134,format
tests/benchmarks/sys_kernel/src/mwfifo.c,fprintf,CWE-134,format
tests/benchmarks/sys_kernel/src/mwfifo.c,printf,CWE-134,format
tests/benchmarks/sys_kernel/src/sema.c,fprintf,CWE-134,format
tests/benchmarks/sys_kernel/src/sema.c,fprintf,CWE-134,format
tests/benchmarks/sys_kernel/src/sema.c,printf,CWE-134,format
tests/benchmarks/sys_kernel/src/sema.c,fprintf,CWE-134,format
tests/benchmarks/sys_kernel/src/sema.c,fprintf,CWE-134,format
tests/benchmarks/sys_kernel/src/sema.c,printf,CWE-134,format
tests/benchmarks/sys_kernel/src/sema.c,fprintf,CWE-134,format
tests/benchmarks/sys_kernel/src/sema.c,fprintf,CWE-134,format
tests/benchmarks/sys_kernel/src/sema.c,printf,CWE-134,format
tests/benchmarks/sys_kernel/src/stack.c,fprintf,CWE-134,format
tests/benchmarks/sys_kernel/src/stack.c,fprintf,CWE-134,format
tests/benchmarks/sys_kernel/src/stack.c,printf,CWE-134,format
tests/benchmarks/sys_kernel/src/stack.c,fprintf,CWE-134,format
tests/benchmarks/sys_kernel/src/stack.c,fprintf,CWE-134,format
tests/benchmarks/sys_kernel/src/stack.c,printf,CWE-134,format
tests/benchmarks/sys_kernel/src/stack.c,fprintf,CWE-134,format
tests/benchmarks/sys_kernel/src/stack.c,fprintf,CWE-134,format
tests/benchmarks/sys_kernel/src/stack.c,printf,CWE-134,format
tests/benchmarks/sys_kernel/src/syskernel.c,fprintf,CWE-134,format
tests/benchmarks/sys_kernel/src/syskernel.c,fprintf,CWE-134,format
tests/benchmarks/sys_kernel/src/syskernel.c,fprintf,CWE-134,format
tests/benchmarks/sys_kernel/src/syskernel.c,fprintf,CWE-134,format
tests/benchmarks/sys_kernel/src/syskernel.c,fprintf,CWE-134,format
tests/benchmarks/sys_kernel/src/syskernel.c,fprintf,CWE-134,format
tests/benchmarks/sys_kernel/src/syskernel.c,fprintf,CWE-134,format
tests/benchmarks/sys_kernel/src/syskernel.c,fprintf,CWE-134,format
tests/benchmarks/sys_kernel/src/syskernel.c,fprintf,CWE-134,format
tests/benchmarks/sys_kernel/src/syskernel.c,fprintf,CWE-134,format
tests/benchmarks/sys_kernel/src/syskernel.c,fprintf,CWE-134,format
tests/benchmarks/sys_kernel/src/syskernel.c,fprintf,CWE-134,format
tests/benchmarks/sys_kernel/src/syskernel.c,fprintf,CWE-134,format
tests/benchmarks/sys_kernel/src/syskernel.c,fprintf,CWE-134,format
tests/benchmarks/sys_kernel/src/syskernel.c,fprintf,CWE-134,format
tests/benchmarks/sys_kernel/src/syskernel.c,char,CWE-119,buffer
tests/benchmarks/timing_info/src/thread_bench.c,char,CWE-119,buffer
tests/benchmarks/timing_info/src/timing_info.h,snprintf,CWE-134,format
tests/benchmarks/timing_info/src/timing_info.h,snprintf,CWE-134,format
tests/benchmarks/timing_info/src/userspace_bench.c,char,CWE-119,buffer
tests/bluetooth/bsim_bt/bsim_test_app/src/test_connect1.c,char,CWE-119,buffer
tests/bluetooth/bsim_bt/bsim_test_app/src/test_connect1.c,char,CWE-119,buffer
tests/bluetooth/bsim_bt/bsim_test_app/src/test_connect1.c,char,CWE-119,buffer
tests/bluetooth/gatt/src/main.c,memcpy,CWE-120,buffer
tests/bluetooth/gatt/src/main.c,strlen,CWE-126,buffer
tests/bluetooth/gatt/src/main.c,read,"CWE-120, CWE-20",buffer
tests/bluetooth/gatt/src/main.c,strlen,CWE-126,buffer
tests/bluetooth/gatt/src/main.c,strlen,CWE-126,buffer
tests/bluetooth/gatt/src/main.c,strlen,CWE-126,buffer
tests/bluetooth/hci_prop_evt/src/main.c,memcpy,CWE-120,buffer
tests/bluetooth/hci_prop_evt/src/main.c,memcpy,CWE-120,buffer
tests/bluetooth/hci_prop_evt/src/main.c,memcpy,CWE-120,buffer
tests/bluetooth/mesh/src/main.c,memcpy,CWE-120,buffer
tests/bluetooth/mesh/src/main.c,memcpy,CWE-120,buffer
tests/bluetooth/tester/src/gap.c,memcpy,CWE-120,buffer
tests/bluetooth/tester/src/gap.c,memcpy,CWE-120,buffer
tests/bluetooth/tester/src/gap.c,memcpy,CWE-120,buffer
tests/bluetooth/tester/src/gap.c,memcpy,CWE-120,buffer
tests/bluetooth/tester/src/gatt.c,memcpy,CWE-120,buffer
tests/bluetooth/tester/src/gatt.c,memcpy,CWE-120,buffer
tests/bluetooth/tester/src/gatt.c,memcpy,CWE-120,buffer
tests/bluetooth/tester/src/gatt.c,memcpy,CWE-120,buffer
tests/bluetooth/tester/src/gatt.c,memcpy,CWE-120,buffer
tests/bluetooth/tester/src/gatt.c,memcpy,CWE-120,buffer
tests/bluetooth/tester/src/gatt.c,memcpy,CWE-120,buffer
tests/bluetooth/tester/src/gatt.c,memcpy,CWE-120,buffer
tests/bluetooth/tester/src/gatt.c,memcpy,CWE-120,buffer
tests/bluetooth/tester/src/gatt.c,memcpy,CWE-120,buffer
tests/bluetooth/tester/src/gatt.c,memcpy,CWE-120,buffer
tests/bluetooth/tester/src/gatt.c,memcpy,CWE-120,buffer
tests/bluetooth/tester/src/gatt.c,memcpy,CWE-120,buffer
tests/bluetooth/tester/src/gatt.c,memcpy,CWE-120,buffer
tests/bluetooth/tester/src/gatt.c,memcpy,CWE-120,buffer
tests/bluetooth/tester/src/gatt.c,memcpy,CWE-120,buffer
tests/bluetooth/tester/src/gatt.c,memcpy,CWE-120,buffer
tests/bluetooth/tester/src/gatt.c,memcpy,CWE-120,buffer
tests/bluetooth/tester/src/gatt.c,read,"CWE-120, CWE-20",buffer
tests/bluetooth/tester/src/gatt.c,read,"CWE-120, CWE-20",buffer
tests/bluetooth/tester/src/gatt.c,read,"CWE-120, CWE-20",buffer
tests/bluetooth/tester/src/gatt.c,read,"CWE-120, CWE-20",buffer
tests/bluetooth/tester/src/gatt.c,read,"CWE-120, CWE-20",buffer
tests/bluetooth/tester/src/gatt.c,read,"CWE-120, CWE-20",buffer
tests/bluetooth/tester/src/gatt.c,read,"CWE-120, CWE-20",buffer
tests/bluetooth/tester/src/gatt.c,read,"CWE-120, CWE-20",buffer
tests/bluetooth/tester/src/gatt.c,read,"CWE-120, CWE-20",buffer
tests/bluetooth/tester/src/l2cap.c,memcpy,CWE-120,buffer
tests/bluetooth/tester/src/mesh.c,memcpy,CWE-120,buffer
tests/bluetooth/tester/src/mesh.c,memcpy,CWE-120,buffer
tests/bluetooth/tester/src/mesh.c,strlen,CWE-126,buffer
tests/bluetooth/tester/src/mesh.c,strncpy,CWE-120,buffer
tests/boards/altera_max10/msgdma/src/dma.c,char,CWE-119,buffer
tests/boards/altera_max10/msgdma/src/dma.c,char,CWE-119,buffer
tests/boards/intel_s1000_crb/src/dma_test.c,char,CWE-119,buffer
tests/boards/intel_s1000_crb/src/dma_test.c,char,CWE-119,buffer
tests/boards/intel_s1000_crb/src/dma_test.c,char,CWE-119,buffer
tests/boards/intel_s1000_crb/src/dma_test.c,char,CWE-119,buffer
tests/boards/intel_s1000_crb/src/i2s_test.c,char,CWE-119,buffer
tests/boards/native_posix/rtc/src/main.c,sprintf,CWE-120,buffer
tests/boards/native_posix/rtc/src/main.c,sprintf,CWE-120,buffer
tests/boards/native_posix/rtc/src/main.c,char,CWE-119,buffer
tests/cmsis_rtos_v2/src/kernel.c,strcpy,CWE-120,buffer
tests/cmsis_rtos_v2/src/kernel.c,char,CWE-119,buffer
tests/cmsis_rtos_v2/src/kernel.c,char,CWE-119,buffer
tests/cmsis_rtos_v2/src/mempool.c,char,CWE-119,buffer
tests/cmsis_rtos_v2/src/msgq.c,char,CWE-119,buffer
tests/crypto/mbedtls/src/mbedtls.c,printf,CWE-134,format
tests/crypto/mbedtls/src/mbedtls.c,snprintf,CWE-134,format
tests/crypto/mbedtls/src/mbedtls.c,char,CWE-119,buffer
tests/crypto/mbedtls/src/mbedtls.c,char,CWE-119,buffer
tests/crypto/mbedtls/src/mbedtls.c,char,CWE-119,buffer
tests/crypto/mbedtls/src/mbedtls.c,char,CWE-119,buffer
tests/crypto/mbedtls/src/mbedtls.c,char,CWE-119,buffer
tests/crypto/mbedtls/src/mbedtls.c,getchar,"CWE-120, CWE-20",buffer
tests/crypto/tinycrypt_hmac_prng/src/hmac_prng.c,randon,CWE-327,random
tests/crypto/tinycrypt_hmac_prng/src/hmac_prng.c,randon,CWE-327,random
tests/crypto/tinycrypt_hmac_prng/src/hmac_prng.c,randon,CWE-327,random
tests/crypto/tinycrypt_hmac_prng/src/hmac_prng.c,randon,CWE-327,random
tests/crypto/tinycrypt_hmac_prng/src/hmac_prng.c,memcpy,CWE-120,buffer
tests/crypto/tinycrypt_hmac_prng/src/hmac_prng.c,memcpy,CWE-120,buffer
tests/crypto/tinycrypt_hmac_prng/src/hmac_prng.c,memcpy,CWE-120,buffer
tests/crypto/tinycrypt/src/cbc_mode.c,memcpy,CWE-120,buffer
tests/crypto/tinycrypt/src/ctr_mode.c,memcpy,CWE-120,buffer
tests/crypto/tinycrypt/src/ctr_prng.c,strlen,CWE-126,buffer
tests/crypto/tinycrypt/src/ctr_prng.c,strlen,CWE-126,buffer
tests/crypto/tinycrypt/src/ctr_prng.c,strlen,CWE-126,buffer
tests/crypto/tinycrypt/src/ctr_prng.c,strlen,CWE-126,buffer
tests/crypto/tinycrypt/src/ctr_prng.c,strlen,CWE-126,buffer
tests/crypto/tinycrypt/src/ctr_prng.c,strlen,CWE-126,buffer
tests/crypto/tinycrypt/src/ecc_dh.c,strlen,CWE-126,buffer
tests/crypto/tinycrypt/src/ecc_dh.c,strlen,CWE-126,buffer
tests/crypto/tinycrypt/src/ecc_dsa.c,memcpy,CWE-120,buffer
tests/crypto/tinycrypt/src/ecc_dsa.c,strlen,CWE-126,buffer
tests/crypto/tinycrypt/src/ecc_dsa.c,strlen,CWE-126,buffer
tests/crypto/tinycrypt/src/sha256.c,strlen,CWE-126,buffer
tests/crypto/tinycrypt/src/sha256.c,strlen,CWE-126,buffer
tests/crypto/tinycrypt/src/test_ecc_utils.c,strlen,CWE-126,buffer
tests/crypto/tinycrypt/src/test_ecc_utils.c,strlen,CWE-126,buffer
tests/crypto/tinycrypt/src/test_ecc_utils.c,strlen,CWE-126,buffer
tests/drivers/dma/chan_blen_transfer/src/test_dma.c,char,CWE-119,buffer
tests/drivers/dma/loop_transfer/src/dma.c,char,CWE-119,buffer
tests/drivers/dma/loop_transfer/src/dma.c,strlen,CWE-126,buffer
tests/drivers/dma/loop_transfer/src/dma.c,strlen,CWE-126,buffer
tests/drivers/hwinfo/api/src/main.c,memcpy,CWE-120,buffer
tests/drivers/i2c/i2c_api/src/test_i2c.c,char,CWE-119,buffer
tests/drivers/i2c/i2c_api/src/test_i2c.c,char,CWE-119,buffer
tests/drivers/i2c/i2c_slave_api/src/main.c,sprintf,CWE-120,buffer
tests/drivers/i2s/i2s_api/src/common.c,char,CWE-119,buffer
tests/drivers/i2s/i2s_api/src/common.c,char,CWE-119,buffer
tests/drivers/i2s/i2s_api/src/test_i2s_loopback.c,char,CWE-119,buffer
tests/drivers/i2s/i2s_api/src/test_i2s_loopback.c,char,CWE-119,buffer
tests/drivers/i2s/i2s_api/src/test_i2s_loopback.c,char,CWE-119,buffer
tests/drivers/i2s/i2s_api/src/test_i2s_states.c,char,CWE-119,buffer
tests/drivers/i2s/i2s_api/src/test_i2s_states.c,char,CWE-119,buffer
tests/drivers/ipm/src/main.c,char,CWE-119,buffer
tests/drivers/ipm/src/main.c,strlen,CWE-126,buffer
tests/drivers/spi/spi_loopback/src/spi.c,sprintf,CWE-120,buffer
tests/drivers/uart/uart_basic_api/src/test_uart_poll.c,strlen,CWE-126,buffer
tests/kernel/common/src/bitfield.c,char,CWE-119,buffer
tests/kernel/common/src/printk.c,char,CWE-119,buffer
tests/kernel/device/src/main.c,char,CWE-119,buffer
tests/kernel/device/src/main.c,char,CWE-119,buffer
tests/kernel/fatal/src/main.c,char,CWE-119,buffer
tests/kernel/fp_sharing/generic/src/float_context.h,char,CWE-119,buffer
tests/kernel/fp_sharing/generic/src/float_context.h,char,CWE-119,buffer
tests/kernel/mbox/mbox_api/src/test_mbox_api.c,char,CWE-119,buffer
tests/kernel/mbox/mbox_api/src/test_mbox_api.c,memcpy,CWE-120,buffer
tests/kernel/mbox/mbox_api/src/test_mbox_api.c,memcpy,CWE-120,buffer
tests/kernel/mbox/mbox_api/src/test_mbox_api.c,char,CWE-119,buffer
tests/kernel/mbox/mbox_usage/src/main.c,char,CWE-119,buffer
tests/kernel/mem_pool/mem_pool/src/main.c,char,CWE-119,buffer
tests/kernel/mem_protect/obj_validation/src/main.c,char,CWE-119,buffer
tests/kernel/mem_protect/protection/src/main.c,memcpy,CWE-120,buffer
tests/kernel/mem_protect/protection/src/main.c,memcpy,CWE-120,buffer
tests/kernel/mem_protect/stackprot/src/main.c,strcpy,CWE-120,buffer
tests/kernel/mem_protect/stackprot/src/main.c,char,CWE-119,buffer
tests/kernel/mem_protect/syscalls/src/main.c,char,CWE-119,buffer
tests/kernel/mem_protect/syscalls/src/main.c,char,CWE-119,buffer
tests/kernel/mem_protect/syscalls/src/main.c,char,CWE-119,buffer
tests/kernel/mem_protect/syscalls/src/main.c,memcpy,CWE-120,buffer
tests/kernel/mem_protect/syscalls/src/main.c,char,CWE-119,buffer
tests/kernel/mem_protect/syscalls/src/main.c,sprintf,CWE-120,buffer
tests/kernel/mem_protect/syscalls/src/main.c,sprintf,CWE-120,buffer
tests/kernel/mem_protect/syscalls/src/main.c,strlen,CWE-126,buffer
tests/kernel/mem_protect/syscalls/src/main.c,strlen,CWE-126,buffer
tests/kernel/mem_slab/mslab_api/src/test_mslab_api.c,char,CWE-119,buffer
tests/kernel/mem_slab/mslab_threadsafe/src/test_mslab_threadsafe.c,char,CWE-119,buffer
tests/kernel/msgq/msgq_api/src/test_msgq_attrs.c,char,CWE-119,buffer
tests/kernel/msgq/msgq_api/src/test_msgq_contexts.c,char,CWE-119,buffer
tests/kernel/msgq/msgq_api/src/test_msgq_contexts.c,char,CWE-119,buffer
tests/kernel/msgq/msgq_api/src/test_msgq_fail.c,char,CWE-119,buffer
tests/kernel/msgq/msgq_api/src/test_msgq_purge.c,char,CWE-119,buffer
tests/kernel/obj_tracing/src/trace_obj.c,char,CWE-119,buffer
tests/kernel/obj_tracing/src/trace_obj.c,char,CWE-119,buffer
tests/kernel/pipe/pipe_api/src/test_pipe_contexts.c,memcpy,CWE-120,buffer
tests/kernel/pipe/pipe_api/src/test_pipe_contexts.c,char,CWE-119,buffer
tests/kernel/pipe/pipe_api/src/test_pipe_fail.c,char,CWE-119,buffer
tests/kernel/pipe/pipe/src/test_pipe.c,read,"CWE-120, CWE-20",buffer
tests/kernel/pipe/pipe/src/test_pipe.c,read,"CWE-120, CWE-20",buffer
tests/kernel/pipe/pipe/src/test_pipe.c,read,"CWE-120, CWE-20",buffer
tests/kernel/pipe/pipe/src/test_pipe.c,read,"CWE-120, CWE-20",buffer
tests/kernel/pipe/pipe/src/test_pipe.c,read,"CWE-120, CWE-20",buffer
tests/kernel/pipe/pipe/src/test_pipe.c,read,"CWE-120, CWE-20",buffer
tests/kernel/pipe/pipe/src/test_pipe.c,read,"CWE-120, CWE-20",buffer
tests/kernel/pipe/pipe/src/test_pipe.c,read,"CWE-120, CWE-20",buffer
tests/kernel/pipe/pipe/src/test_pipe.c,read,"CWE-120, CWE-20",buffer
tests/kernel/pipe/pipe/src/test_pipe.c,read,"CWE-120, CWE-20",buffer
tests/kernel/pipe/pipe/src/test_pipe.c,read,"CWE-120, CWE-20",buffer
tests/kernel/pipe/pipe/src/test_pipe.c,read,"CWE-120, CWE-20",buffer
tests/kernel/pipe/pipe/src/test_pipe.c,read,"CWE-120, CWE-20",buffer
tests/kernel/pipe/pipe/src/test_pipe.c,read,"CWE-120, CWE-20",buffer
tests/kernel/pipe/pipe/src/test_pipe.c,read,"CWE-120, CWE-20",buffer
tests/kernel/pipe/pipe/src/test_pipe.c,read,"CWE-120, CWE-20",buffer
tests/kernel/pipe/pipe/src/test_pipe.c,read,"CWE-120, CWE-20",buffer
tests/kernel/pipe/pipe/src/test_pipe.c,read,"CWE-120, CWE-20",buffer
tests/kernel/pipe/pipe/src/test_pipe.c,read,"CWE-120, CWE-20",buffer
tests/kernel/pipe/pipe/src/test_pipe.c,read,"CWE-120, CWE-20",buffer
tests/kernel/pipe/pipe/src/test_pipe.c,read,"CWE-120, CWE-20",buffer
tests/kernel/pipe/pipe/src/test_pipe.c,read,"CWE-120, CWE-20",buffer
tests/kernel/pipe/pipe/src/test_pipe.c,read,"CWE-120, CWE-20",buffer
tests/kernel/pipe/pipe/src/test_pipe.c,read,"CWE-120, CWE-20",buffer
tests/kernel/pipe/pipe/src/test_pipe.c,read,"CWE-120, CWE-20",buffer
tests/kernel/pipe/pipe/src/test_pipe.c,read,"CWE-120, CWE-20",buffer
tests/kernel/pipe/pipe/src/test_pipe.c,read,"CWE-120, CWE-20",buffer
tests/kernel/pipe/pipe/src/test_pipe.c,read,"CWE-120, CWE-20",buffer
tests/kernel/pipe/pipe/src/test_pipe.c,read,"CWE-120, CWE-20",buffer
tests/kernel/pipe/pipe/src/test_pipe.c,read,"CWE-120, CWE-20",buffer
tests/kernel/pipe/pipe/src/test_pipe.c,read,"CWE-120, CWE-20",buffer
tests/kernel/pipe/pipe/src/test_pipe.c,read,"CWE-120, CWE-20",buffer
tests/kernel/pipe/pipe/src/test_pipe.c,read,"CWE-120, CWE-20",buffer
tests/kernel/pipe/pipe/src/test_pipe.c,read,"CWE-120, CWE-20",buffer
tests/kernel/pipe/pipe/src/test_pipe.c,read,"CWE-120, CWE-20",buffer
tests/kernel/pipe/pipe/src/test_pipe.c,read,"CWE-120, CWE-20",buffer
tests/kernel/pipe/pipe/src/test_pipe.c,read,"CWE-120, CWE-20",buffer
tests/kernel/pipe/pipe/src/test_pipe.c,read,"CWE-120, CWE-20",buffer
tests/kernel/pipe/pipe/src/test_pipe.c,read,"CWE-120, CWE-20",buffer
tests/kernel/pipe/pipe/src/test_pipe.c,read,"CWE-120, CWE-20",buffer
tests/kernel/pipe/pipe/src/test_pipe.c,read,"CWE-120, CWE-20",buffer
tests/kernel/threads/thread_apis/src/main.c,char,CWE-119,buffer
tests/kernel/threads/thread_apis/src/main.c,char,CWE-119,buffer
tests/kernel/threads/thread_apis/src/main.c,char,CWE-119,buffer
tests/kernel/threads/thread_apis/src/main.c,char,CWE-119,buffer
tests/kernel/threads/thread_apis/src/main.c,char,CWE-119,buffer
tests/kernel/threads/thread_apis/src/main.c,strncpy,CWE-120,buffer
tests/kernel/threads/thread_apis/src/test_threads_spawn.c,char,CWE-119,buffer
tests/lib/base64/src/main.c,char,CWE-119,buffer
tests/lib/base64/src/main.c,char,CWE-119,buffer
tests/lib/c_lib/src/main.c,char,CWE-119,buffer
tests/lib/c_lib/src/main.c,strcpy,CWE-120,buffer
tests/lib/c_lib/src/main.c,memcpy,CWE-120,buffer
tests/lib/c_lib/src/main.c,strcpy,CWE-120,buffer
tests/lib/c_lib/src/main.c,char,CWE-119,buffer
tests/lib/c_lib/src/main.c,char,CWE-119,buffer
tests/lib/c_lib/src/main.c,strlen,CWE-126,buffer
tests/lib/c_lib/src/main.c,strncpy,CWE-120,buffer
tests/lib/c_lib/src/main.c,strncpy,CWE-120,buffer
tests/lib/json/src/main.c,char,CWE-119,buffer
tests/lib/json/src/main.c,char,CWE-119,buffer
tests/lib/json/src/main.c,char,CWE-119,buffer
tests/lib/json/src/main.c,char,CWE-119,buffer
tests/lib/json/src/main.c,strlen,CWE-126,buffer
tests/lib/json/src/main.c,strlen,CWE-126,buffer
tests/lib/json/src/main.c,strncpy,CWE-120,buffer
tests/lib/json/src/main.c,strlen,CWE-126,buffer
tests/lib/json/src/main.c,strlen,CWE-126,buffer
tests/lib/mem_alloc/src/main.c,char,CWE-119,buffer
tests/lib/mem_alloc/src/main.c,char,CWE-119,buffer
tests/lib/sprintf/src/main.c,vsnprintf,CWE-134,format
tests/lib/sprintf/src/main.c,vsprintf,CWE-134,format
tests/lib/sprintf/src/main.c,sprintf,CWE-120,buffer
tests/lib/sprintf/src/main.c,sprintf,CWE-120,buffer
tests/lib/sprintf/src/main.c,char,CWE-119,buffer
tests/lib/sprintf/src/main.c,sprintf,CWE-120,buffer
tests/lib/sprintf/src/main.c,sprintf,CWE-120,buffer
tests/lib/sprintf/src/main.c,sprintf,CWE-120,buffer
tests/lib/sprintf/src/main.c,sprintf,CWE-120,buffer
tests/lib/sprintf/src/main.c,sprintf,CWE-120,buffer
tests/lib/sprintf/src/main.c,sprintf,CWE-120,buffer
tests/lib/sprintf/src/main.c,sprintf,CWE-120,buffer
tests/lib/sprintf/src/main.c,sprintf,CWE-120,buffer
tests/lib/sprintf/src/main.c,sprintf,CWE-120,buffer
tests/lib/sprintf/src/main.c,sprintf,CWE-120,buffer
tests/lib/sprintf/src/main.c,sprintf,CWE-120,buffer
tests/lib/sprintf/src/main.c,sprintf,CWE-120,buffer
tests/lib/sprintf/src/main.c,sprintf,CWE-120,buffer
tests/lib/sprintf/src/main.c,sprintf,CWE-120,buffer
tests/lib/sprintf/src/main.c,sprintf,CWE-120,buffer
tests/lib/sprintf/src/main.c,sprintf,CWE-120,buffer
tests/lib/sprintf/src/main.c,sprintf,CWE-120,buffer
tests/lib/sprintf/src/main.c,sprintf,CWE-120,buffer
tests/lib/sprintf/src/main.c,sprintf,CWE-120,buffer
tests/lib/sprintf/src/main.c,sprintf,CWE-120,buffer
tests/lib/sprintf/src/main.c,sprintf,CWE-120,buffer
tests/lib/sprintf/src/main.c,sprintf,CWE-120,buffer
tests/lib/sprintf/src/main.c,sprintf,CWE-120,buffer
tests/lib/sprintf/src/main.c,sprintf,CWE-120,buffer
tests/lib/sprintf/src/main.c,sprintf,CWE-120,buffer
tests/lib/sprintf/src/main.c,sprintf,CWE-120,buffer
tests/lib/sprintf/src/main.c,sprintf,CWE-120,buffer
tests/lib/sprintf/src/main.c,sprintf,CWE-120,buffer
tests/lib/sprintf/src/main.c,sprintf,CWE-120,buffer
tests/lib/sprintf/src/main.c,sprintf,CWE-120,buffer
tests/lib/sprintf/src/main.c,sprintf,CWE-120,buffer
tests/lib/sprintf/src/main.c,sprintf,CWE-120,buffer
tests/lib/sprintf/src/main.c,sprintf,CWE-120,buffer
tests/lib/sprintf/src/main.c,sprintf,CWE-120,buffer
tests/lib/sprintf/src/main.c,sprintf,CWE-120,buffer
tests/lib/sprintf/src/main.c,sprintf,CWE-120,buffer
tests/lib/sprintf/src/main.c,sprintf,CWE-120,buffer
tests/lib/sprintf/src/main.c,sprintf,CWE-120,buffer
tests/lib/sprintf/src/main.c,sprintf,CWE-120,buffer
tests/lib/sprintf/src/main.c,sprintf,CWE-120,buffer
tests/lib/sprintf/src/main.c,sprintf,CWE-120,buffer
tests/lib/sprintf/src/main.c,sprintf,CWE-120,buffer
tests/lib/sprintf/src/main.c,sprintf,CWE-120,buffer
tests/lib/sprintf/src/main.c,sprintf,CWE-120,buffer
tests/lib/sprintf/src/main.c,sprintf,CWE-120,buffer
tests/lib/sprintf/src/main.c,sprintf,CWE-120,buffer
tests/lib/sprintf/src/main.c,sprintf,CWE-120,buffer
tests/lib/sprintf/src/main.c,sprintf,CWE-120,buffer
tests/lib/sprintf/src/main.c,sprintf,CWE-120,buffer
tests/lib/sprintf/src/main.c,char,CWE-119,buffer
tests/lib/sprintf/src/main.c,char,CWE-119,buffer
tests/lib/sprintf/src/main.c,char,CWE-119,buffer
tests/lib/sprintf/src/main.c,char,CWE-119,buffer
tests/lib/sprintf/src/main.c,sprintf,CWE-120,buffer
tests/lib/sprintf/src/main.c,sprintf,CWE-120,buffer
tests/lib/sprintf/src/main.c,sprintf,CWE-120,buffer
tests/lib/sprintf/src/main.c,sprintf,CWE-120,buffer
tests/lib/sprintf/src/main.c,sprintf,CWE-120,buffer
tests/lib/sprintf/src/main.c,sprintf,CWE-120,buffer
tests/lib/sprintf/src/main.c,sprintf,CWE-120,buffer
tests/lib/sprintf/src/main.c,char,CWE-119,buffer
tests/lib/sprintf/src/main.c,sprintf,CWE-120,buffer
tests/lib/sprintf/src/main.c,sprintf,CWE-120,buffer
tests/lib/sprintf/src/main.c,sprintf,CWE-120,buffer
tests/lib/sprintf/src/main.c,sprintf,CWE-120,buffer
tests/lib/sprintf/src/main.c,sprintf,CWE-120,buffer
tests/lib/sprintf/src/main.c,sprintf,CWE-120,buffer
tests/lib/sprintf/src/main.c,sprintf,CWE-120,buffer
tests/lib/sprintf/src/main.c,sprintf,CWE-120,buffer
tests/lib/sprintf/src/main.c,sprintf,CWE-120,buffer
tests/lib/sprintf/src/main.c,sprintf,CWE-120,buffer
tests/lib/sprintf/src/main.c,char,CWE-119,buffer
tests/lib/sprintf/src/main.c,sprintf,CWE-120,buffer
tests/lib/sprintf/src/main.c,sprintf,CWE-120,buffer
tests/lib/sprintf/src/main.c,strlen,CWE-126,buffer
tests/lib/sprintf/src/main.c,strlen,CWE-126,buffer
tests/lib/sprintf/src/main.c,strlen,CWE-126,buffer
tests/lib/sprintf/src/main.c,strlen,CWE-126,buffer
tests/lib/sprintf/src/main.c,strlen,CWE-126,buffer
tests/lib/sprintf/src/main.c,strlen,CWE-126,buffer
tests/lib/sprintf/src/main.c,strlen,CWE-126,buffer
tests/lib/sprintf/src/main.c,strlen,CWE-126,buffer
tests/lib/sprintf/src/main.c,strlen,CWE-126,buffer
tests/lib/sprintf/src/main.c,strlen,CWE-126,buffer
tests/lib/sprintf/src/main.c,strlen,CWE-126,buffer
tests/lib/sprintf/src/main.c,strlen,CWE-126,buffer
tests/lib/sprintf/src/main.c,strlen,CWE-126,buffer
tests/lib/sprintf/src/main.c,strlen,CWE-126,buffer
tests/lib/sprintf/src/main.c,strlen,CWE-126,buffer
tests/lib/sprintf/src/main.c,strlen,CWE-126,buffer
tests/lib/sprintf/src/main.c,strlen,CWE-126,buffer
tests/lib/sprintf/src/main.c,strlen,CWE-126,buffer
tests/lib/sprintf/src/main.c,strlen,CWE-126,buffer
tests/lib/sprintf/src/main.c,strlen,CWE-126,buffer
tests/lib/sprintf/src/main.c,strlen,CWE-126,buffer
tests/lib/sprintf/src/main.c,strlen,CWE-126,buffer
tests/lib/sprintf/src/main.c,strlen,CWE-126,buffer
tests/lib/sprintf/src/main.c,strlen,CWE-126,buffer
tests/lib/sprintf/src/main.c,strlen,CWE-126,buffer
tests/lib/sprintf/src/main.c,strlen,CWE-126,buffer
tests/lib/sprintf/src/main.c,strlen,CWE-126,buffer
tests/lib/sprintf/src/main.c,strlen,CWE-126,buffer
tests/lib/sprintf/src/main.c,strlen,CWE-126,buffer
tests/lib/sprintf/src/main.c,strlen,CWE-126,buffer
tests/net/6lo/src/main.c,char,CWE-119,buffer
tests/net/6lo/src/main.c,char,CWE-119,buffer
tests/net/6lo/src/main.c,memcpy,CWE-120,buffer
tests/net/6lo/src/main.c,memcpy,CWE-120,buffer
tests/net/6lo/src/main.c,memcpy,CWE-120,buffer
tests/net/6lo/src/main.c,memcpy,CWE-120,buffer
tests/net/arp/src/main.c,char,CWE-119,buffer
tests/net/arp/src/main.c,char,CWE-119,buffer
tests/net/arp/src/main.c,memcpy,CWE-120,buffer
tests/net/arp/src/main.c,memcpy,CWE-120,buffer
tests/net/arp/src/main.c,memcpy,CWE-120,buffer
tests/net/arp/src/main.c,memcpy,CWE-120,buffer
tests/net/arp/src/main.c,memcpy,CWE-120,buffer
tests/net/arp/src/main.c,memcpy,CWE-120,buffer
tests/net/arp/src/main.c,memcpy,CWE-120,buffer
tests/net/arp/src/main.c,memcpy,CWE-120,buffer
tests/net/arp/src/main.c,memcpy,CWE-120,buffer
tests/net/arp/src/main.c,memcpy,CWE-120,buffer
tests/net/arp/src/main.c,strlen,CWE-126,buffer
tests/net/buf/src/main.c,memcpy,CWE-120,buffer
tests/net/buf/src/main.c,memcpy,CWE-120,buffer
tests/net/buf/src/main.c,strlen,CWE-126,buffer
tests/net/buf/src/main.c,strlen,CWE-126,buffer
tests/net/checksum_offload/src/main.c,memcpy,CWE-120,buffer
tests/net/checksum_offload/src/main.c,memcpy,CWE-120,buffer
tests/net/checksum_offload/src/main.c,memcpy,CWE-120,buffer
tests/net/checksum_offload/src/main.c,memcpy,CWE-120,buffer
tests/net/checksum_offload/src/main.c,memcpy,CWE-120,buffer
tests/net/checksum_offload/src/main.c,memcpy,CWE-120,buffer
tests/net/checksum_offload/src/main.c,memcpy,CWE-120,buffer
tests/net/checksum_offload/src/main.c,memcpy,CWE-120,buffer
tests/net/checksum_offload/src/main.c,memcpy,CWE-120,buffer
tests/net/checksum_offload/src/main.c,memcpy,CWE-120,buffer
tests/net/checksum_offload/src/main.c,memcpy,CWE-120,buffer
tests/net/checksum_offload/src/main.c,memcpy,CWE-120,buffer
tests/net/checksum_offload/src/main.c,memcpy,CWE-120,buffer
tests/net/checksum_offload/src/main.c,memcpy,CWE-120,buffer
tests/net/checksum_offload/src/main.c,memcpy,CWE-120,buffer
tests/net/checksum_offload/src/main.c,memcpy,CWE-120,buffer
tests/net/checksum_offload/src/main.c,memcpy,CWE-120,buffer
tests/net/checksum_offload/src/main.c,memcpy,CWE-120,buffer
tests/net/checksum_offload/src/main.c,strlen,CWE-126,buffer
tests/net/checksum_offload/src/main.c,strlen,CWE-126,buffer
tests/net/checksum_offload/src/main.c,strlen,CWE-126,buffer
tests/net/checksum_offload/src/main.c,strlen,CWE-126,buffer
tests/net/checksum_offload/src/main.c,strlen,CWE-126,buffer
tests/net/checksum_offload/src/main.c,strlen,CWE-126,buffer
tests/net/checksum_offload/src/main.c,strlen,CWE-126,buffer
tests/net/checksum_offload/src/main.c,strlen,CWE-126,buffer
tests/net/context/src/main.c,strlen,CWE-126,buffer
tests/net/context/src/main.c,strlen,CWE-126,buffer
tests/net/context/src/main.c,strlen,CWE-126,buffer
tests/net/context/src/main.c,strlen,CWE-126,buffer
tests/net/context/src/main.c,strlen,CWE-126,buffer
tests/net/context/src/main.c,strlen,CWE-126,buffer
tests/net/dhcpv4/src/main.c,char,CWE-119,buffer
tests/net/dhcpv4/src/main.c,char,CWE-119,buffer
tests/net/ethernet_mgmt/src/main.c,memcpy,CWE-120,buffer
tests/net/ethernet_mgmt/src/main.c,memcpy,CWE-120,buffer
tests/net/ethernet_mgmt/src/main.c,memcpy,CWE-120,buffer
tests/net/ethernet_mgmt/src/main.c,memcpy,CWE-120,buffer
tests/net/ieee802154/fragment/src/main.c,memcpy,CWE-120,buffer
tests/net/ieee802154/fragment/src/main.c,memcpy,CWE-120,buffer
tests/net/ieee802154/fragment/src/main.c,memcpy,CWE-120,buffer
tests/net/ieee802154/fragment/src/main.c,memcpy,CWE-120,buffer
tests/net/ieee802154/l2/src/ieee802154_fake_driver.c,memcpy,CWE-120,buffer
tests/net/ieee802154/l2/src/ieee802154_test.c,memcpy,CWE-120,buffer
tests/net/ip-addr/src/main.c,char,CWE-119,buffer
tests/net/ip-addr/src/main.c,char,CWE-119,buffer
tests/net/ip-addr/src/main.c,char,CWE-119,buffer
tests/net/ipv6_fragment/src/main.c,memcpy,CWE-120,buffer
tests/net/ipv6_fragment/src/main.c,memcpy,CWE-120,buffer
tests/net/ipv6/src/main.c,memcpy,CWE-120,buffer
tests/net/ipv6/src/main.c,strlen,CWE-126,buffer
tests/net/ipv6/src/main.c,strlen,CWE-126,buffer
tests/net/lib/coap/src/main.c,memcpy,CWE-120,buffer
tests/net/lib/coap/src/main.c,memcpy,CWE-120,buffer
tests/net/lib/coap/src/main.c,memcpy,CWE-120,buffer
tests/net/lib/coap/src/main.c,memcpy,CWE-120,buffer
tests/net/lib/coap/src/main.c,memcpy,CWE-120,buffer
tests/net/lib/coap/src/main.c,memcpy,CWE-120,buffer
tests/net/lib/coap/src/main.c,memcpy,CWE-120,buffer
tests/net/lib/coap/src/main.c,memcpy,CWE-120,buffer
tests/net/lib/coap/src/main.c,memcpy,CWE-120,buffer
tests/net/lib/coap/src/main.c,memcpy,CWE-120,buffer
tests/net/lib/coap/src/main.c,strlen,CWE-126,buffer
tests/net/lib/coap/src/main.c,strlen,CWE-126,buffer
tests/net/lib/coap/src/main.c,strlen,CWE-126,buffer
tests/net/lib/coap/src/main.c,strlen,CWE-126,buffer
tests/net/lib/coap/src/main.c,strlen,CWE-126,buffer
tests/net/lib/coap/src/main.c,strlen,CWE-126,buffer
tests/net/lib/coap/src/main.c,strlen,CWE-126,buffer
tests/net/lib/coap/src/main.c,strlen,CWE-126,buffer
tests/net/lib/coap/src/main.c,strlen,CWE-126,buffer
tests/net/lib/coap/src/main.c,strlen,CWE-126,buffer
tests/net/lib/coap/src/main.c,strlen,CWE-126,buffer
tests/net/lib/coap/src/main.c,strlen,CWE-126,buffer
tests/net/lib/coap/src/main.c,strlen,CWE-126,buffer
tests/net/lib/http_header_fields/src/main.c,strlen,CWE-126,buffer
tests/net/lib/http_header_fields/src/main.c,strlen,CWE-126,buffer
tests/net/lib/http_header_fields/src/main.c,strlen,CWE-126,buffer
tests/net/lib/http_header_fields/src/main.c,strlen,CWE-126,buffer
tests/net/lib/http_header_fields/src/main.c,strlen,CWE-126,buffer
tests/net/lib/http_header_fields/src/main.c,strlen,CWE-126,buffer
tests/net/lib/http_header_fields/src/main.c,strlen,CWE-126,buffer
tests/net/lib/http_header_fields/src/main.c,strlen,CWE-126,buffer
tests/net/lib/http_header_fields/src/main.c,strlen,CWE-126,buffer
tests/net/lib/http_header_fields/src/main.c,strlen,CWE-126,buffer
tests/net/lib/http_header_fields/src/main.c,strlen,CWE-126,buffer
tests/net/lib/http_header_fields/src/main.c,strlen,CWE-126,buffer
tests/net/lib/http_header_fields/src/main.c,strlen,CWE-126,buffer
tests/net/lib/http_header_fields/src/main.c,strlen,CWE-126,buffer
tests/net/lib/http_header_fields/src/main.c,strlen,CWE-126,buffer
tests/net/lib/http_header_fields/src/main.c,strlen,CWE-126,buffer
tests/net/lib/http_header_fields/src/main.c,strlen,CWE-126,buffer
tests/net/lib/http_header_fields/src/main.c,strlen,CWE-126,buffer
tests/net/lib/http_header_fields/src/main.c,strlen,CWE-126,buffer
tests/net/lib/mqtt_packet/src/mqtt_packet.c,memcpy,CWE-120,buffer
tests/net/lib/mqtt_publisher/src/test_mqtt_publish.c,strlen,CWE-126,buffer
tests/net/lib/mqtt_publisher/src/test_mqtt_publish.c,strlen,CWE-126,buffer
tests/net/lib/mqtt_publisher/src/test_mqtt_publish.c,strlen,CWE-126,buffer
tests/net/lib/mqtt_publisher/src/test_mqtt_publish.c,strlen,CWE-126,buffer
tests/net/lib/mqtt_pubsub/src/test_mqtt_pubsub.c,strlen,CWE-126,buffer
tests/net/lib/mqtt_pubsub/src/test_mqtt_pubsub.c,strlen,CWE-126,buffer
tests/net/lib/mqtt_pubsub/src/test_mqtt_pubsub.c,strlen,CWE-126,buffer
tests/net/lib/mqtt_pubsub/src/test_mqtt_pubsub.c,strlen,CWE-126,buffer
tests/net/lib/mqtt_pubsub/src/test_mqtt_pubsub.c,strlen,CWE-126,buffer
tests/net/lib/mqtt_subscriber/src/test_mqtt_subscribe.c,strlen,CWE-126,buffer
tests/net/lib/mqtt_subscriber/src/test_mqtt_subscribe.c,strlen,CWE-126,buffer
tests/net/lib/mqtt_subscriber/src/test_mqtt_subscribe.c,strlen,CWE-126,buffer
tests/net/lib/tls_credentials/src/main.c,char,CWE-119,buffer
tests/net/lib/tls_credentials/src/main.c,char,CWE-119,buffer
tests/net/mgmt/src/mgmt.c,char,CWE-119,buffer
tests/net/mgmt/src/mgmt.c,memcpy,CWE-120,buffer
tests/net/mgmt/src/mgmt.c,memcpy,CWE-120,buffer
tests/net/mgmt/src/mgmt.c,strlen,CWE-126,buffer
tests/net/ptp/clock/src/main.c,memcpy,CWE-120,buffer
tests/net/ptp/clock/src/main.c,memcpy,CWE-120,buffer
tests/net/route/src/main.c,memcpy,CWE-120,buffer
tests/net/socket/getaddrinfo/src/main.c,char,CWE-119,buffer
tests/net/socket/getaddrinfo/src/main.c,memcpy,CWE-120,buffer
tests/net/socket/getaddrinfo/src/main.c,memcpy,CWE-120,buffer
tests/net/socket/getaddrinfo/src/main.c,memcpy,CWE-120,buffer
tests/net/socket/getaddrinfo/src/main.c,memcpy,CWE-120,buffer
tests/net/socket/getnameinfo/src/main.c,char,CWE-119,buffer
tests/net/socket/getnameinfo/src/main.c,char,CWE-119,buffer
tests/net/socket/getnameinfo/src/main.c,char,CWE-119,buffer
tests/net/socket/getnameinfo/src/main.c,char,CWE-119,buffer
tests/net/socket/misc/src/main.c,char,CWE-119,buffer
tests/net/socket/net_mgmt/src/main.c,memcpy,CWE-120,buffer
tests/net/socket/net_mgmt/src/main.c,char,CWE-119,buffer
tests/net/socket/poll/src/main.c,char,CWE-119,buffer
tests/net/socket/select/src/main.c,char,CWE-119,buffer
tests/net/socket/tcp/src/main.c,char,CWE-119,buffer
tests/net/socket/tcp/src/main.c,char,CWE-119,buffer
tests/net/socket/tcp/src/main.c,char,CWE-119,buffer
tests/net/socket/tcp/src/main.c,strlen,CWE-126,buffer
tests/net/socket/tcp/src/main.c,strlen,CWE-126,buffer
tests/net/socket/tcp/src/main.c,strlen,CWE-126,buffer
tests/net/socket/tcp/src/main.c,strlen,CWE-126,buffer
tests/net/socket/tcp/src/main.c,strlen,CWE-126,buffer
tests/net/socket/tcp/src/main.c,strlen,CWE-126,buffer
tests/net/socket/tcp/src/main.c,strlen,CWE-126,buffer
tests/net/socket/tcp/src/main.c,strlen,CWE-126,buffer
tests/net/socket/tcp/src/main.c,strlen,CWE-126,buffer
tests/net/socket/tcp/src/main.c,strlen,CWE-126,buffer
tests/net/socket/udp/src/main.c,char,CWE-119,buffer
tests/net/socket/udp/src/main.c,char,CWE-119,buffer
tests/net/socket/udp/src/main.c,char,CWE-119,buffer
tests/net/socket/udp/src/main.c,char,CWE-119,buffer
tests/net/socket/udp/src/main.c,char,CWE-119,buffer
tests/net/socket/udp/src/main.c,char,CWE-119,buffer
tests/net/socket/udp/src/main.c,char,CWE-119,buffer
tests/net/socket/udp/src/main.c,char,CWE-119,buffer
tests/net/socket/udp/src/main.c,strlen,CWE-126,buffer
tests/net/socket/udp/src/main.c,strlen,CWE-126,buffer
tests/net/socket/udp/src/main.c,strlen,CWE-126,buffer
tests/net/socket/udp/src/main.c,strlen,CWE-126,buffer
tests/net/socket/udp/src/main.c,strlen,CWE-126,buffer
tests/net/socket/udp/src/main.c,strlen,CWE-126,buffer
tests/net/socket/udp/src/main.c,strlen,CWE-126,buffer
tests/net/socket/udp/src/main.c,strlen,CWE-126,buffer
tests/net/socket/udp/src/main.c,strlen,CWE-126,buffer
tests/net/socket/udp/src/main.c,strlen,CWE-126,buffer
tests/net/socket/udp/src/main.c,strlen,CWE-126,buffer
tests/net/tcp/src/main.c,memcpy,CWE-120,buffer
tests/net/traffic_class/src/main.c,memcpy,CWE-120,buffer
tests/net/traffic_class/src/main.c,memcpy,CWE-120,buffer
tests/net/traffic_class/src/main.c,memcpy,CWE-120,buffer
tests/net/traffic_class/src/main.c,memcpy,CWE-120,buffer
tests/net/traffic_class/src/main.c,strlen,CWE-126,buffer
tests/net/traffic_class/src/main.c,strlen,CWE-126,buffer
tests/net/traffic_class/src/main.c,strlen,CWE-126,buffer
tests/net/traffic_class/src/main.c,strlen,CWE-126,buffer
tests/net/tx_timestamp/src/main.c,memcpy,CWE-120,buffer
tests/net/tx_timestamp/src/main.c,memcpy,CWE-120,buffer
tests/net/tx_timestamp/src/main.c,strlen,CWE-126,buffer
tests/net/utils/src/main.c,char,CWE-119,buffer
tests/net/utils/src/main.c,char,CWE-119,buffer
tests/net/utils/src/main.c,char,CWE-119,buffer
tests/net/utils/src/main.c,char,CWE-119,buffer
tests/net/vlan/src/main.c,memcpy,CWE-120,buffer
tests/net/vlan/src/main.c,memcpy,CWE-120,buffer
tests/net/vlan/src/main.c,strlen,CWE-126,buffer
tests/posix/common/src/clock.c,usleep,CWE-676,obsolete
tests/posix/common/src/clock.c,usleep,CWE-676,obsolete
tests/posix/common/src/mqueue.c,char,CWE-119,buffer
tests/posix/common/src/mqueue.c,char,CWE-119,buffer
tests/posix/common/src/mqueue.c,char,CWE-119,buffer
tests/posix/common/src/mqueue.c,usleep,CWE-676,obsolete
tests/posix/common/src/mqueue.c,usleep,CWE-676,obsolete
tests/posix/common/src/mqueue.c,usleep,CWE-676,obsolete
tests/posix/common/src/posix_rwlock.c,usleep,CWE-676,obsolete
tests/posix/common/src/posix_rwlock.c,usleep,CWE-676,obsolete
tests/posix/common/src/posix_rwlock.c,usleep,CWE-676,obsolete
tests/posix/common/src/posix_rwlock.c,usleep,CWE-676,obsolete
tests/posix/common/src/posix_rwlock.c,usleep,CWE-676,obsolete
tests/posix/common/src/posix_rwlock.c,usleep,CWE-676,obsolete
tests/posix/common/src/pthread_key.c,char,CWE-119,buffer
tests/posix/common/src/pthread_key.c,char,CWE-119,buffer
tests/posix/common/src/pthread.c,usleep,CWE-676,obsolete
tests/posix/common/src/timer.c,usleep,CWE-676,obsolete
tests/posix/fs/src/test_fs_dir.c,open,CWE-362,misc
tests/posix/fs/src/test_fs_file.c,open,CWE-362,misc
tests/posix/fs/src/test_fs_file.c,char,CWE-119,buffer
tests/posix/fs/src/test_fs_file.c,strlen,CWE-126,buffer
tests/posix/fs/src/test_fs_file.c,strlen,CWE-126,buffer
tests/posix/fs/src/test_fs_file.c,strlen,CWE-126,buffer
tests/posix/fs/src/test_fs_file.c,read,"CWE-120, CWE-20",buffer
tests/posix/fs/src/test_fs_file.c,read,"CWE-120, CWE-20",buffer
tests/subsys/can/frame/src/main.c,memcpy,CWE-120,buffer
tests/subsys/fs/fat_fs_api/src/test_fat_dir.c,sprintf,CWE-120,buffer
tests/subsys/fs/fat_fs_api/src/test_fat_dir.c,char,CWE-119,buffer
tests/subsys/fs/fat_fs_api/src/test_fat_file.c,char,CWE-119,buffer
tests/subsys/fs/fat_fs_api/src/test_fat_file.c,char,CWE-119,buffer
tests/subsys/fs/fat_fs_api/src/test_fat_file.c,strlen,CWE-126,buffer
tests/subsys/fs/fat_fs_api/src/test_fat_file.c,strlen,CWE-126,buffer
tests/subsys/fs/fat_fs_api/src/test_fat_file.c,strlen,CWE-126,buffer
tests/subsys/fs/fat_fs_dual_drive/src/disk_access_test_drv.c,memcpy,CWE-120,buffer
tests/subsys/fs/fat_fs_dual_drive/src/disk_access_test_drv.c,memcpy,CWE-120,buffer
tests/subsys/fs/fat_fs_dual_drive/src/test_fat_dir.c,sprintf,CWE-120,buffer
tests/subsys/fs/fat_fs_dual_drive/src/test_fat_dir.c,char,CWE-119,buffer
tests/subsys/fs/fat_fs_dual_drive/src/test_fat_file.c,char,CWE-119,buffer
tests/subsys/fs/fat_fs_dual_drive/src/test_fat_file.c,char,CWE-119,buffer
tests/subsys/fs/fat_fs_dual_drive/src/test_fat_file.c,strlen,CWE-126,buffer
tests/subsys/fs/fat_fs_dual_drive/src/test_fat_file.c,strlen,CWE-126,buffer
tests/subsys/fs/fat_fs_dual_drive/src/test_fat_file.c,strlen,CWE-126,buffer
tests/subsys/fs/littlefs/src/test_util.c,char,CWE-119,buffer
tests/subsys/fs/littlefs/src/test_util.c,char,CWE-119,buffer
tests/subsys/fs/littlefs/src/testfs_util.c,memcpy,CWE-120,buffer
tests/subsys/fs/littlefs/src/testfs_util.c,strlen,CWE-126,buffer
tests/subsys/fs/littlefs/src/testfs_util.c,strlen,CWE-126,buffer
tests/subsys/fs/littlefs/src/testfs_util.c,strncpy,CWE-120,buffer
tests/subsys/fs/littlefs/src/testfs_util.h,char,CWE-119,buffer
tests/subsys/fs/littlefs/src/testfs_util.h,memcpy,CWE-120,buffer
tests/subsys/fs/multi-fs/src/nffs_test_utils.c,sprintf,CWE-120,buffer
tests/subsys/fs/multi-fs/src/nffs_test_utils.c,sprintf,CWE-120,buffer
tests/subsys/fs/multi-fs/src/nffs_test_utils.c,memcpy,CWE-120,buffer
tests/subsys/fs/multi-fs/src/nffs_test_utils.c,memcpy,CWE-120,buffer
tests/subsys/fs/multi-fs/src/nffs_test_utils.c,memcpy,CWE-120,buffer
tests/subsys/fs/multi-fs/src/nffs_test_utils.c,memcpy,CWE-120,buffer
tests/subsys/fs/multi-fs/src/nffs_test_utils.c,strlen,CWE-126,buffer
tests/subsys/fs/multi-fs/src/nffs_test_utils.c,strlen,CWE-126,buffer
tests/subsys/fs/multi-fs/src/nffs_test_utils.c,strlen,CWE-126,buffer
tests/subsys/fs/multi-fs/src/nffs_test_utils.c,strlen,CWE-126,buffer
tests/subsys/fs/multi-fs/src/nffs_test_utils.c,strlen,CWE-126,buffer
tests/subsys/fs/multi-fs/src/nffs_test_utils.c,strlen,CWE-126,buffer
tests/subsys/fs/multi-fs/src/nffs_test_utils.c,strlen,CWE-126,buffer
tests/subsys/fs/multi-fs/src/test_fat_dir.c,sprintf,CWE-120,buffer
tests/subsys/fs/multi-fs/src/test_fat_dir.c,char,CWE-119,buffer
tests/subsys/fs/multi-fs/src/test_fat_file.c,char,CWE-119,buffer
tests/subsys/fs/multi-fs/src/test_fat_file.c,strlen,CWE-126,buffer
tests/subsys/fs/multi-fs/src/test_fat_file.c,strlen,CWE-126,buffer
tests/subsys/fs/multi-fs/src/test_fat_file.c,strlen,CWE-126,buffer
tests/subsys/fs/multi-fs/src/test_ram_backend.c,memcpy,CWE-120,buffer
tests/subsys/fs/multi-fs/src/test_ram_backend.c,memcpy,CWE-120,buffer
tests/subsys/fs/nffs_fs_api/common/nffs_test_utils.c,sprintf,CWE-120,buffer
tests/subsys/fs/nffs_fs_api/common/nffs_test_utils.c,sprintf,CWE-120,buffer
tests/subsys/fs/nffs_fs_api/common/nffs_test_utils.c,memcpy,CWE-120,buffer
tests/subsys/fs/nffs_fs_api/common/nffs_test_utils.c,memcpy,CWE-120,buffer
tests/subsys/fs/nffs_fs_api/common/nffs_test_utils.c,memcpy,CWE-120,buffer
tests/subsys/fs/nffs_fs_api/common/nffs_test_utils.c,memcpy,CWE-120,buffer
tests/subsys/fs/nffs_fs_api/common/nffs_test_utils.c,strlen,CWE-126,buffer
tests/subsys/fs/nffs_fs_api/common/nffs_test_utils.c,strlen,CWE-126,buffer
tests/subsys/fs/nffs_fs_api/common/nffs_test_utils.c,strlen,CWE-126,buffer
tests/subsys/fs/nffs_fs_api/common/nffs_test_utils.c,strlen,CWE-126,buffer
tests/subsys/fs/nffs_fs_api/common/nffs_test_utils.c,strlen,CWE-126,buffer
tests/subsys/fs/nffs_fs_api/common/nffs_test_utils.c,strlen,CWE-126,buffer
tests/subsys/fs/nffs_fs_api/common/nffs_test_utils.c,strlen,CWE-126,buffer
tests/subsys/fs/nffs_fs_api/common/test_large_unlink.c,snprintf,CWE-134,format
tests/subsys/fs/nffs_fs_api/common/test_large_unlink.c,snprintf,CWE-134,format
tests/subsys/fs/nffs_fs_api/common/test_large_unlink.c,snprintf,CWE-134,format
tests/subsys/fs/nffs_fs_api/common/test_large_unlink.c,snprintf,CWE-134,format
tests/subsys/fs/nffs_fs_api/common/test_large_unlink.c,snprintf,CWE-134,format
tests/subsys/fs/nffs_fs_api/common/test_large_unlink.c,char,CWE-119,buffer
tests/subsys/fs/nffs_fs_api/common/test_lost_found.c,char,CWE-119,buffer
tests/subsys/fs/nffs_fs_api/common/test_performance.c,snprintf,CWE-134,format
tests/subsys/fs/nffs_fs_api/common/test_performance.c,snprintf,CWE-134,format
tests/subsys/fs/nffs_fs_api/common/test_performance.c,char,CWE-119,buffer
tests/subsys/fs/nffs_fs_api/ram_backend/test_ram_backend.c,memcpy,CWE-120,buffer
tests/subsys/fs/nffs_fs_api/ram_backend/test_ram_backend.c,memcpy,CWE-120,buffer
tests/subsys/fs/nvs/src/main.c,char,CWE-119,buffer
tests/subsys/fs/nvs/src/main.c,char,CWE-119,buffer
tests/subsys/fs/nvs/src/main.c,memcpy,CWE-120,buffer
tests/subsys/fs/nvs/src/main.c,char,CWE-119,buffer
tests/subsys/fs/nvs/src/main.c,char,CWE-119,buffer
tests/subsys/fs/nvs/src/main.c,char,CWE-119,buffer
tests/subsys/fs/nvs/src/main.c,memcpy,CWE-120,buffer
tests/subsys/fs/nvs/src/main.c,memcpy,CWE-120,buffer
tests/subsys/jwt/src/jwt-test-cert.c,char,CWE-119,buffer
tests/subsys/jwt/src/jwt-test-cert.c,char,CWE-119,buffer
tests/subsys/jwt/src/jwt-test-cert.c,char,CWE-119,buffer
tests/subsys/jwt/src/main.c,char,CWE-119,buffer
tests/subsys/logging/log_core/src/log_core_test.c,strlen,CWE-126,buffer
tests/subsys/logging/log_output/src/log_output_test.c,memcpy,CWE-120,buffer
tests/subsys/logging/log_output/src/log_output_test.c,strlen,CWE-126,buffer
tests/subsys/settings/fcb/src/settings_test_compress_deleted.c,char,CWE-119,buffer
tests/subsys/settings/fcb/src/settings_test_fcb.c,char,CWE-119,buffer
tests/subsys/settings/fcb/src/settings_test_fcb.c,char,CWE-119,buffer
tests/subsys/settings/fcb/src/settings_test_fcb.c,memcpy,CWE-120,buffer
tests/subsys/settings/fcb/src/settings_test_fcb.c,memcpy,CWE-120,buffer
tests/subsys/settings/fcb/src/settings_test_fcb.c,char,CWE-119,buffer
tests/subsys/settings/fcb/src/settings_test_fcb.c,char,CWE-119,buffer
tests/subsys/settings/fcb/src/settings_test_fcb.c,memcpy,CWE-120,buffer
tests/subsys/settings/fcb/src/settings_test_fcb.c,char,CWE-119,buffer
tests/subsys/settings/fcb/src/settings_test_fcb.c,char,CWE-119,buffer
tests/subsys/settings/fcb/src/settings_test_fcb.c,memcpy,CWE-120,buffer
tests/subsys/settings/fcb/src/settings_test_fcb.c,strlen,CWE-126,buffer
tests/subsys/settings/fcb/src/settings_test_fcb.c,strncpy,CWE-120,buffer
tests/subsys/settings/fcb/src/settings_test_fcb.c,strlen,CWE-126,buffer
tests/subsys/settings/fcb/src/settings_test_fcb.c,strlen,CWE-126,buffer
tests/subsys/settings/fcb/src/settings_test_fcb.c,strncpy,CWE-120,buffer
tests/subsys/settings/fcb/src/settings_test_fcb.c,strlen,CWE-126,buffer
tests/subsys/settings/fcb/src/settings_test.h,char,CWE-119,buffer
tests/subsys/settings/fcb/src/settings_test.h,char,CWE-119,buffer
tests/subsys/settings/fcb/src/settings_test.h,char,CWE-119,buffer
tests/subsys/settings/nffs/src/settings_test_nffs.c,memcpy,CWE-120,buffer
tests/subsys/settings/nffs/src/settings_test_nffs.c,memcpy,CWE-120,buffer
tests/subsys/settings/nffs/src/settings_test_nffs.c,memcpy,CWE-120,buffer
tests/subsys/settings/src/settings_empty_lookups.c,char,CWE-119,buffer
tests/subsys/settings/src/settings_empty_lookups.c,char,CWE-119,buffer
tests/subsys/settings/src/settings_empty_lookups.c,strcpy,CWE-120,buffer
tests/subsys/settings/src/settings_empty_lookups.c,strcpy,CWE-120,buffer
tests/subsys/settings/src/settings_enc.c,char,CWE-119,buffer
tests/subsys/settings/src/settings_enc.c,memcpy,CWE-120,buffer
tests/subsys/settings/src/settings_enc.c,memcpy,CWE-120,buffer
tests/subsys/settings/src/settings_enc.c,char,CWE-119,buffer
tests/subsys/settings/src/settings_enc.c,memcpy,CWE-120,buffer
tests/subsys/settings/src/settings_enc.c,strlen,CWE-126,buffer
tests/subsys/settings/src/settings_test_commit.c,char,CWE-119,buffer
tests/subsys/settings/src/settings_test_commit.c,strcpy,CWE-120,buffer
tests/subsys/settings/src/settings_test_commit.c,strcpy,CWE-120,buffer
tests/subsys/settings/src/settings_test_getset_int.c,char,CWE-119,buffer
tests/subsys/settings/src/settings_test_getset_int.c,char,CWE-119,buffer
tests/subsys/settings/src/settings_test_getset_int.c,strcpy,CWE-120,buffer
tests/subsys/settings/src/settings_test_getset_int.c,strcpy,CWE-120,buffer
tests/subsys/settings/src/settings_test_getset_int64.c,char,CWE-119,buffer
tests/subsys/settings/src/settings_test_getset_int64.c,char,CWE-119,buffer
tests/subsys/settings/src/settings_test_getset_int64.c,strcpy,CWE-120,buffer
tests/subsys/settings/src/settings_test_getset_int64.c,strcpy,CWE-120,buffer
tests/subsys/settings/src/settings_test_getset_int64.c,memcpy,CWE-120,buffer
tests/subsys/settings/src/settings_test_getset_int64.c,strcpy,CWE-120,buffer
tests/subsys/settings/src/settings_test_getset_int64.c,strcpy,CWE-120,buffer
tests/subsys/settings/src/settings_test_getset_int64.c,memcpy,CWE-120,buffer
tests/subsys/settings/src/settings_test_getset_unknown.c,char,CWE-119,buffer
tests/subsys/settings/src/settings_test_getset_unknown.c,char,CWE-119,buffer
tests/subsys/settings/src/settings_test_getset_unknown.c,strcpy,CWE-120,buffer
tests/subsys/settings/src/settings_test_getset_unknown.c,strcpy,CWE-120,buffer
tests/subsys/settings/src/settings_test_getset_unknown.c,strcpy,CWE-120,buffer
tests/subsys/settings/src/settings_test_getset_unknown.c,strcpy,CWE-120,buffer
tests/subsys/usb/bos/src/test_bos.c,memcpy,CWE-120,buffer
tests/subsys/usb/bos/src/test_bos.c,memcpy,CWE-120,buffer
tests/subsys/usb/bos/src/test_bos.c,memcpy,CWE-120,buffer
tests/subsys/usb/bos/src/test_bos.c,memcpy,CWE-120,buffer
tests/subsys/usb/bos/src/test_bos.c,memcpy,CWE-120,buffer
tests/unit/bluetooth/at/src/main.c,char,CWE-119,buffer
tests/unit/bluetooth/at/src/main.c,strlen,CWE-126,buffer
tests/unit/bluetooth/at/src/main.c,strncpy,CWE-120,buffer
